mushroom,id,article
Russula maculata,1,https://en.wikipedia.org/wiki/Russula_maculata
Russula vinosa,2,https://en.wikipedia.org/wiki/Russula_vinosa
Gymnopilus pseudofulgens,3,https://en.wikipedia.org/wiki/Gymnopilus_pseudofulgens
Gymnopilus josserandii,4,https://en.wikipedia.org/wiki/Gymnopilus_josserandii
Albatrellus subrubescens,5,https://en.wikipedia.org/wiki/Albatrellus_subrubescens
Lactarius lignyotus,6,https://en.wikipedia.org/wiki/Lactarius_lignyotus
Amanita verna,7,https://en.wikipedia.org/wiki/Amanita_verna
lethal webcaps,8,https://en.wikipedia.org/wiki/Cortinarius_rubellus
Russula betularum,9,https://en.wikipedia.org/wiki/Russula_betularum
Galerina,10,https://en.wikipedia.org/wiki/Galerina
Tricholoma sulphureum,11,https://en.wikipedia.org/wiki/Tricholoma_sulphureum
Amanita muscaria var. guessowii,12,https://en.wikipedia.org/wiki/Amanita_muscaria_var._guessowii
Amanita ocreata,13,https://en.wikipedia.org/wiki/Amanita_ocreata
Armillaria,14,https://en.wikipedia.org/wiki/Armillaria
Tricholoma atrosquamosum,15,https://en.wikipedia.org/wiki/Tricholoma_atrosquamosum
summer truffle,16,https://en.wikipedia.org/wiki/Tuber_aestivum
Agaricus pilatianus,17,https://en.wikipedia.org/wiki/Agaricus_pilatianus
Cortinarius traganus,18,https://en.wikipedia.org/wiki/Cortinarius_traganus
Psilocybe liniformans var. americana,19,https://en.wikipedia.org/wiki/Psilocybe_liniformans_var._americana
Inocybe tricolor,20,https://en.wikipedia.org/wiki/Inocybe_tricolor
Inocybe aeruginascens,21,https://en.wikipedia.org/wiki/Inocybe_aeruginascens
Nidulariaceae,22,https://en.wikipedia.org/wiki/Nidulariaceae
Pluteus cyanopus,23,https://en.wikipedia.org/wiki/Pluteus_cyanopus
Lycoperdon perlatum,24,https://en.wikipedia.org/wiki/Lycoperdon_perlatum
Trametes suaveolens,25,https://en.wikipedia.org/wiki/Trametes_suaveolens
Stereum hirsutum,26,https://en.wikipedia.org/wiki/Stereum_hirsutum
Gomphus clavatus,27,https://en.wikipedia.org/wiki/Gomphus_clavatus
Infundibulicybe geotropa,28,https://en.wikipedia.org/wiki/Infundibulicybe_geotropa
Ramaria aurea,29,https://en.wikipedia.org/wiki/Ramaria_aurea
Lactarius trivialis,30,https://en.wikipedia.org/wiki/Lactarius_trivialis
Psilocybe azurescens,31,https://en.wikipedia.org/wiki/Psilocybe_azurescens
Amanita magniverrucata,32,https://en.wikipedia.org/wiki/Amanita_magniverrucata
Cantharellus minor,33,https://en.wikipedia.org/wiki/Cantharellus_minor
Amanita abrupta,34,https://en.wikipedia.org/wiki/Amanita_abrupta
Xerocomellus zelleri,35,https://en.wikipedia.org/wiki/Xerocomellus_zelleri
Tylopilus felleus,36,https://en.wikipedia.org/wiki/Tylopilus_felleus
Ramaria stricta,37,https://en.wikipedia.org/wiki/Ramaria_stricta
Russula nigricans,38,https://en.wikipedia.org/wiki/Russula_nigricans
straw mushroom,39,https://en.wikipedia.org/wiki/Volvariella_volvacea
Hebeloma crustuliniforme,40,https://en.wikipedia.org/wiki/Hebeloma_crustuliniforme
Mutinus borneensis,41,https://en.wikipedia.org/wiki/Mutinus_borneensis
Pleurotus ostreatus,42,https://en.wikipedia.org/wiki/Pleurotus_ostreatus
Cortinarius caperatus,43,https://en.wikipedia.org/wiki/Cortinarius_caperatus
Amanita gemmata,44,https://en.wikipedia.org/wiki/Amanita_gemmata
Chroogomphus rutilus,45,https://en.wikipedia.org/wiki/Chroogomphus_rutilus
Mutinus caninus,46,https://en.wikipedia.org/wiki/Mutinus_caninus
Mycena pura,47,https://en.wikipedia.org/wiki/Mycena_pura
Lentinus tigrinus,48,https://en.wikipedia.org/wiki/Lentinus_tigrinus
Amanita calyptroderma,49,https://en.wikipedia.org/wiki/Amanita_calyptroderma
Psilocybe tampanensis,50,https://en.wikipedia.org/wiki/Psilocybe_tampanensis
Amanita cokeri,51,https://en.wikipedia.org/wiki/Amanita_cokeri
Coprinellus disseminatus,52,https://en.wikipedia.org/wiki/Coprinellus_disseminatus
Boletellus ananas,53,https://en.wikipedia.org/wiki/Boletellus_ananas
Ramaria flava,54,https://en.wikipedia.org/wiki/Ramaria_flava
Lactarius glyciosmus,55,https://en.wikipedia.org/wiki/Lactarius_glyciosmus
Lactarius pubescens,56,https://en.wikipedia.org/wiki/Lactarius_pubescens
Amanita phalloides,57,https://en.wikipedia.org/wiki/Amanita_phalloides
Cantharellus cibarius,58,https://en.wikipedia.org/wiki/Cantharellus_cibarius
Rhodocollybia butyracea,59,https://en.wikipedia.org/wiki/Rhodocollybia_butyracea
Panellus stipticus,60,https://en.wikipedia.org/wiki/Panellus_stipticus
Omphalotus olearius,61,https://en.wikipedia.org/wiki/Omphalotus_olearius
Lyophyllum shimeji,62,https://en.wikipedia.org/wiki/Lyophyllum_shimeji
Coprinopsis lagopus,63,https://en.wikipedia.org/wiki/Coprinopsis_lagopus
Clitocybe acromelalga,64,https://en.wikipedia.org/wiki/Paralepistopsis_acromelalga
Russula nobilis,65,https://en.wikipedia.org/wiki/Russula_nobilis
Astraeus hygrometricus,66,https://en.wikipedia.org/wiki/Astraeus_hygrometricus
Cortinarius violaceus,67,https://en.wikipedia.org/wiki/Cortinarius_violaceus
Mycena chlorophos,68,https://en.wikipedia.org/wiki/Mycena_chlorophos
Lycoperdon umbrinum,69,https://en.wikipedia.org/wiki/Lycoperdon_umbrinum
Leccinum scabrum,70,https://en.wikipedia.org/wiki/Leccinum_scabrum
Russula caerulea,71,https://en.wikipedia.org/wiki/Russula_caerulea
Armillaria gallica,72,https://en.wikipedia.org/wiki/Armillaria_gallica
Fistulina hepatica,73,https://en.wikipedia.org/wiki/Fistulina_hepatica
Calocera cornea,74,https://en.wikipedia.org/wiki/Calocera_cornea
Agrocybe praecox,75,https://en.wikipedia.org/wiki/Agrocybe_praecox
Tricholoma saponaceum,76,https://en.wikipedia.org/wiki/Tricholoma_saponaceum
Psilocybe mexicana,77,https://en.wikipedia.org/wiki/Psilocybe_mexicana
Craterellus lutescens,78,https://en.wikipedia.org/wiki/Craterellus_lutescens
spotted tricholoma,79,https://en.wikipedia.org/wiki/Tricholoma_pardinum
Gomphidius roseus,80,https://en.wikipedia.org/wiki/Gomphidius_roseus
Lactarius aurantiacus,81,https://en.wikipedia.org/wiki/Lactarius_aurantiacus
Amanita farinosa,82,https://en.wikipedia.org/wiki/Amanita_farinosa
Amanita flavoconia,83,https://en.wikipedia.org/wiki/Amanita_flavoconia
Paragyrodon,84,https://en.wikipedia.org/wiki/Paragyrodon
Gomphidius maculatus,85,https://en.wikipedia.org/wiki/Gomphidius_maculatus
Imperator torosus,86,https://en.wikipedia.org/wiki/Imperator_torosus
Cortinarius praestans,87,https://en.wikipedia.org/wiki/Cortinarius_praestans
Agaricus deserticola,88,https://en.wikipedia.org/wiki/Agaricus_deserticola
Cantharellus friesii,89,https://en.wikipedia.org/wiki/Cantharellus_friesii
Laccaria laccata,90,https://en.wikipedia.org/wiki/Laccaria_laccata
Amanita muscaria,91,https://en.wikipedia.org/wiki/Amanita_muscaria
Leccinum vulpinum,92,https://en.wikipedia.org/wiki/Leccinum_vulpinum
Lactarius corrugis,93,https://en.wikipedia.org/wiki/Lactifluus_corrugis
Russula emetica,94,https://en.wikipedia.org/wiki/Russula_emetica
Strobilomyces strobilaceus,95,https://en.wikipedia.org/wiki/Strobilomyces_strobilaceus
Russula paludosa,96,https://en.wikipedia.org/wiki/Russula_paludosa
Amanita rubescens,97,https://en.wikipedia.org/wiki/Blusher
Clavulina coralloides,98,https://en.wikipedia.org/wiki/Clavulina_cristata
Lyophyllum decastes,99,https://en.wikipedia.org/wiki/Lyophyllum_decastes
Pestalotiopsis microspora,100,https://en.wikipedia.org/wiki/Pestalotiopsis_microspora
Chlorophyllum molybdites,101,https://en.wikipedia.org/wiki/Chlorophyllum_molybdites
Russula gracillima,102,https://en.wikipedia.org/wiki/Russula_gracillima
Entoloma sinuatum,103,https://en.wikipedia.org/wiki/Entoloma_sinuatum
Lactarius tabidus,104,https://en.wikipedia.org/wiki/Lactarius_tabidus
Russula violeipes,105,https://en.wikipedia.org/wiki/Russula_violeipes
Hygrocybe conica,106,https://en.wikipedia.org/wiki/Hygrocybe_conica
Amanita strobiliformis,107,https://en.wikipedia.org/wiki/Amanita_strobiliformis
Gyroporus cyanescens,108,https://en.wikipedia.org/wiki/Gyroporus_cyanescens
Russula claroflava,109,https://en.wikipedia.org/wiki/Russula_claroflava
Helvella lacunosa,110,https://en.wikipedia.org/wiki/Helvella_lacunosa
Verpa bohemica,111,https://en.wikipedia.org/wiki/Verpa_bohemica
Mycena galericulata,112,https://en.wikipedia.org/wiki/Mycena_galericulata
Lactarius azonites,113,https://en.wikipedia.org/wiki/Lactarius_azonites
Agaricus semotus,114,https://en.wikipedia.org/wiki/Agaricus_semotus
Lactarius sanguifluus,115,https://en.wikipedia.org/wiki/Lactarius_sanguifluus
Hygrophorus agathosmus,116,https://en.wikipedia.org/wiki/Hygrophorus_agathosmus
Tricholoma orirubens,117,https://en.wikipedia.org/wiki/Tricholoma_orirubens
Polyporus arcularius,118,https://en.wikipedia.org/wiki/Lentinus_arcularius
Catathelasma imperiale,119,https://en.wikipedia.org/wiki/Catathelasma_imperiale
Tricholomopsis rutilans,120,https://en.wikipedia.org/wiki/Tricholomopsis_rutilans
Morchella elata,121,https://en.wikipedia.org/wiki/Morchella_elata
Cortinarius varius,122,https://en.wikipedia.org/wiki/Cortinarius_varius
Xerocomus subtomentosus,123,https://en.wikipedia.org/wiki/Xerocomus_subtomentosus
Agaricus sylvaticus,124,https://en.wikipedia.org/wiki/Agaricus_silvaticus
Psilocybe cubensis,125,https://en.wikipedia.org/wiki/Psilocybe_cubensis
Agaricus arvensis,126,https://en.wikipedia.org/wiki/Agaricus_arvensis
Hypholoma sublateritium,127,https://en.wikipedia.org/wiki/Hypholoma_lateritium
Pycnoporus cinnabarinus,128,https://en.wikipedia.org/wiki/Pycnoporus_cinnabarinus
Suillus plorans,129,https://en.wikipedia.org/wiki/Suillus_plorans
Russula ochroleuca,130,https://en.wikipedia.org/wiki/Russula_ochroleuca
Coprinopsis atramentaria,131,https://en.wikipedia.org/wiki/Coprinopsis_atramentaria
Marasmius oreades,132,https://en.wikipedia.org/wiki/Marasmius_oreades
Hygrophorus marzuolus,133,https://en.wikipedia.org/wiki/Hygrophorus_marzuolus
Kuehneromyces mutabilis,134,https://en.wikipedia.org/wiki/Kuehneromyces_mutabilis
Amanita regalis,135,https://en.wikipedia.org/wiki/Amanita_regalis
Calocybe gambosa,136,https://en.wikipedia.org/wiki/Calocybe_gambosa
Boletus barrowsii,137,https://en.wikipedia.org/wiki/Boletus_barrowsii
Helvella crispa,138,https://en.wikipedia.org/wiki/Helvella_crispa
Mycena,139,https://en.wikipedia.org/wiki/Mycena
Morchella esculenta,140,https://en.wikipedia.org/wiki/Morchella_esculenta
Suillus granulatus,141,https://en.wikipedia.org/wiki/Suillus_granulatus
Mycena haematopus,142,https://en.wikipedia.org/wiki/Mycena_haematopus
Russula fragilis,143,https://en.wikipedia.org/wiki/Russula_fragilis
Cyathus striatus,144,https://en.wikipedia.org/wiki/Cyathus_striatus
Marasmius,145,https://en.wikipedia.org/wiki/Marasmius
Lactarius chrysorrheus,146,https://en.wikipedia.org/wiki/Lactarius_chrysorrheus
Neolentinus lepideus,147,https://en.wikipedia.org/wiki/Neolentinus_lepideus
Amanita lividopallescens,148,https://en.wikipedia.org/wiki/Amanita_lividopallescens
Russula decolorans,149,https://en.wikipedia.org/wiki/Russula_decolorans
Meripilus giganteus,150,https://en.wikipedia.org/wiki/Meripilus_giganteus
Gomphus floccosus,151,https://en.wikipedia.org/wiki/Turbinellus_floccosus
Amanita altipes,152,https://en.wikipedia.org/wiki/Amanita_altipes
Hygrophorus eburneus,153,https://en.wikipedia.org/wiki/Hygrophorus_eburneus
Stropharia rugosoannulata,154,https://en.wikipedia.org/wiki/Stropharia_rugosoannulata
Boletus aereus,155,https://en.wikipedia.org/wiki/Boletus_aereus
Infundibulicybe gibba,156,https://en.wikipedia.org/wiki/Infundibulicybe_gibba
Clitocybe nebularis,157,https://en.wikipedia.org/wiki/Clitocybe_nebularis
Lactarius repraesentaneus,158,https://en.wikipedia.org/wiki/Lactarius_repraesentaneus
Pseudoboletus parasiticus,159,https://en.wikipedia.org/wiki/Pseudoboletus_parasiticus
Agaricus subrufescens,160,https://en.wikipedia.org/wiki/Agaricus_subrufescens
Agaricus bisporus,161,https://en.wikipedia.org/wiki/Agaricus_bisporus
Gyrodon lividus,162,https://en.wikipedia.org/wiki/Gyrodon_lividus
Agaricus campestris,163,https://en.wikipedia.org/wiki/Agaricus_campestris
Phallus hadriani,164,https://en.wikipedia.org/wiki/Phallus_hadriani
Laetiporus sulphureus,165,https://en.wikipedia.org/wiki/Laetiporus_sulphureus
Scleroderma citrinum,166,https://en.wikipedia.org/wiki/Scleroderma_citrinum
Russula olivacea,167,https://en.wikipedia.org/wiki/Russula_olivacea
Suillus mediterraneensis,168,https://en.wikipedia.org/wiki/Suillus_mediterraneensis
Armillaria cepistipes,169,https://en.wikipedia.org/wiki/Armillaria_cepistipes
Agaricus urinascens,170,https://en.wikipedia.org/wiki/Agaricus_urinascens
Crepidotus mollis,171,https://en.wikipedia.org/wiki/Crepidotus_mollis
Hygrophorus karstenii,172,https://en.wikipedia.org/wiki/Hygrophorus_karstenii
Aleuria aurantia,173,https://en.wikipedia.org/wiki/Aleuria_aurantia
Leccinum duriusculum,174,https://en.wikipedia.org/wiki/Leccinum_duriusculum
Ramaria formosa,175,https://en.wikipedia.org/wiki/Ramaria_formosa
Lepiota brunneoincarnata,176,https://en.wikipedia.org/wiki/Lepiota_brunneoincarnata
Pleurotus pulmonarius,177,https://en.wikipedia.org/wiki/Pleurotus_pulmonarius
Hygrophoropsis aurantiaca,178,https://en.wikipedia.org/wiki/Hygrophoropsis_aurantiaca
Panaeolus cyanescens,179,https://en.wikipedia.org/wiki/Panaeolus_cyanescens
Ramaria botrytis,180,https://en.wikipedia.org/wiki/Ramaria_botrytis
Humaria hemisphaerica,181,https://en.wikipedia.org/wiki/Humaria_hemisphaerica
Marasmius rotula,182,https://en.wikipedia.org/wiki/Marasmius_rotula
Geastrum triplex,183,https://en.wikipedia.org/wiki/Geastrum_triplex
Amanita crocea,184,https://en.wikipedia.org/wiki/Amanita_crocea
Pholiota squarrosa,185,https://en.wikipedia.org/wiki/Pholiota_squarrosa
Lactarius controversus,186,https://en.wikipedia.org/wiki/Lactarius_controversus
Cyathus,187,https://en.wikipedia.org/wiki/Cyathus
Russula sardonia,188,https://en.wikipedia.org/wiki/Russula_sardonia
Pleurotus citrinopileatus,189,https://en.wikipedia.org/wiki/Pleurotus_citrinopileatus
Pseudohydnum gelatinosum,190,https://en.wikipedia.org/wiki/Pseudohydnum_gelatinosum
Chlorophyllum rhacodes,191,https://en.wikipedia.org/wiki/Shaggy_parasol
Macrolepiota mastoidea,192,https://en.wikipedia.org/wiki/Macrolepiota_mastoidea
Pluteus,193,https://en.wikipedia.org/wiki/Pluteus
Grifola frondosa,194,https://en.wikipedia.org/wiki/Grifola_frondosa
Lactarius indigo,195,https://en.wikipedia.org/wiki/Lactarius_indigo
Suillus bovinus,196,https://en.wikipedia.org/wiki/Suillus_bovinus
Amanita caesarea,197,https://en.wikipedia.org/wiki/Amanita_caesarea
Calvatia gigantea,198,https://en.wikipedia.org/wiki/Calvatia_gigantea
Imleria badia,199,https://en.wikipedia.org/wiki/Imleria_badia
Hypholoma fasciculare,200,https://en.wikipedia.org/wiki/Hypholoma_fasciculare
Suillellus luridus,201,https://en.wikipedia.org/wiki/Suillellus_luridus
Trametes versicolor,202,https://en.wikipedia.org/wiki/Trametes_versicolor
Inonotus hispidus,203,https://en.wikipedia.org/wiki/Inonotus_hispidus
Hypholoma capnoides,204,https://en.wikipedia.org/wiki/Hypholoma_capnoides
Lactarius vietus,205,https://en.wikipedia.org/wiki/Lactarius_vietus
Lactarius blennius,206,https://en.wikipedia.org/wiki/Lactarius_blennius
Suillus viscidus,207,https://en.wikipedia.org/wiki/Suillus_viscidus
Lactarius scrobiculatus,208,https://en.wikipedia.org/wiki/Lactarius_scrobiculatus
Hygrophorus latitabundus,209,https://en.wikipedia.org/wiki/Hygrophorus_latitabundus
Stropharia aeruginosa,210,https://en.wikipedia.org/wiki/Stropharia_aeruginosa
Disciotis venosa,211,https://en.wikipedia.org/wiki/Disciotis_venosa
Gyroporus castaneus,212,https://en.wikipedia.org/wiki/Gyroporus_castaneus
Mycena epipterygia,213,https://en.wikipedia.org/wiki/Mycena_epipterygia
Pulveroboletus ravenelii,214,https://en.wikipedia.org/wiki/Pulveroboletus_ravenelii
Phallus rubicundus,215,https://en.wikipedia.org/wiki/Phallus_rubicundus
Sarcoscypha occidentalis,216,https://en.wikipedia.org/wiki/Sarcoscypha_occidentalis
Hortiboletus rubellus,217,https://en.wikipedia.org/wiki/Hortiboletus_rubellus
Crepidotus versutus,218,https://en.wikipedia.org/wiki/Crepidotus_versutus
Porphyrellus porphyrosporus,219,https://en.wikipedia.org/wiki/Porphyrellus_porphyrosporus
Russula acrifolia,220,https://en.wikipedia.org/wiki/Russula_acrifolia
Lycoperdon echinatum,221,https://en.wikipedia.org/wiki/Lycoperdon_echinatum
Tuber melanosporum,222,https://en.wikipedia.org/wiki/Tuber_melanosporum
Strobilurus esculentus,223,https://en.wikipedia.org/wiki/Strobilurus_esculentus
Chalciporus piperatus,224,https://en.wikipedia.org/wiki/Chalciporus_piperatus
Polyporus umbellatus,225,https://en.wikipedia.org/wiki/Polyporus_umbellatus
Russula virescens,226,https://en.wikipedia.org/wiki/Russula_virescens
Hydnellum peckii,227,https://en.wikipedia.org/wiki/Hydnellum_peckii
Fomitopsis pinicola,228,https://en.wikipedia.org/wiki/Fomitopsis_pinicola
Entoloma rhodopolium,229,https://en.wikipedia.org/wiki/Entoloma_rhodopolium
Clavaria fragilis,230,https://en.wikipedia.org/wiki/Clavaria_fragilis
Amanita jacksonii,231,https://en.wikipedia.org/wiki/Amanita_jacksonii
Amanita orientifulva,232,https://en.wikipedia.org/wiki/Amanita_orientifulva
Amanita parvipantherina,233,https://en.wikipedia.org/wiki/Amanita_parvipantherina
Amanita liquii,234,https://en.wikipedia.org/wiki/Amanita_liquii
Amanita smithiana,235,https://en.wikipedia.org/wiki/Amanita_smithiana
Strobilomyces foveatus,236,https://en.wikipedia.org/wiki/Strobilomyces_foveatus
Psathyrella aquatica,237,https://en.wikipedia.org/wiki/Psathyrella_aquatica
Conocybe cyanopus,238,https://en.wikipedia.org/wiki/Conocybula_cyanopus
Entoloma bloxamii,239,https://en.wikipedia.org/wiki/Entoloma_bloxamii
Inonotus obliquus,240,https://en.wikipedia.org/wiki/Inonotus_obliquus
Armillaria tabescens,241,https://en.wikipedia.org/wiki/Desarmillaria_tabescens
Marasmiellus ramealis,242,https://en.wikipedia.org/wiki/Marasmiellus_ramealis
Amanita nivalis,243,https://en.wikipedia.org/wiki/Amanita_nivalis
Cortinarius cinnamomeus,244,https://en.wikipedia.org/wiki/Cortinarius_cinnamomeus
Mycena sanguinolenta,245,https://en.wikipedia.org/wiki/Mycena_sanguinolenta
Galerina marginata,246,https://en.wikipedia.org/wiki/Galerina_marginata
Phylloporus pelletieri,247,https://en.wikipedia.org/wiki/Phylloporus_pelletieri
Mutinus ravenelii,248,https://en.wikipedia.org/wiki/Mutinus_ravenelii
Amanita zambiana,249,https://en.wikipedia.org/wiki/Amanita_zambiana
Gomphidius glutinosus,250,https://en.wikipedia.org/wiki/Gomphidius_glutinosus
Pluteus cervinus,251,https://en.wikipedia.org/wiki/Pluteus_cervinus
Xerocomellus chrysenteron,252,https://en.wikipedia.org/wiki/Xerocomellus_chrysenteron
Calocera viscosa,253,https://en.wikipedia.org/wiki/Calocera_viscosa
Psathyrella candolleana,254,https://en.wikipedia.org/wiki/Psathyrella_candolleana
Amanita porphyria,255,https://en.wikipedia.org/wiki/Amanita_porphyria
Coprinopsis picacea,256,https://en.wikipedia.org/wiki/Coprinopsis_picacea
Ganoderma applanatum,257,https://en.wikipedia.org/wiki/Ganoderma_applanatum
Russula fellea,258,https://en.wikipedia.org/wiki/Russula_fellea
Macrolepiota procera,259,https://en.wikipedia.org/wiki/Macrolepiota_procera
Russula cyanoxantha,260,https://en.wikipedia.org/wiki/Russula_cyanoxantha
Lactarius mammosus,261,https://en.wikipedia.org/wiki/Lactarius_mammosus
Suillus bellinii,262,https://en.wikipedia.org/wiki/Suillus_bellinii
Russula aurea,263,https://en.wikipedia.org/wiki/Russula_aurea
Amanita ovoidea,264,https://en.wikipedia.org/wiki/Amanita_ovoidea
Agaricus litoralis,265,https://en.wikipedia.org/wiki/Agaricus_litoralis
Lactarius salmonicolor,266,https://en.wikipedia.org/wiki/Lactarius_salmonicolor
Agaricus bernardii,267,https://en.wikipedia.org/wiki/Agaricus_bernardii
Limacella delicata,268,https://en.wikipedia.org/wiki/Limacella_delicata
Tremella fuciformis,269,https://en.wikipedia.org/wiki/Tremella_fuciformis
Russula versicolor,270,https://en.wikipedia.org/wiki/Russula_versicolor
Russula risigallina,271,https://en.wikipedia.org/wiki/Russula_risigallina
Cortinarius mucosus,272,https://en.wikipedia.org/wiki/Cortinarius_mucosus
Scleroderma cepa,273,https://en.wikipedia.org/wiki/Scleroderma_cepa
Agaricus moelleri,274,https://en.wikipedia.org/wiki/Agaricus_moelleri
Amanita brunnescens,275,https://en.wikipedia.org/wiki/Amanita_brunnescens
Amanita hemibapha,276,https://en.wikipedia.org/wiki/Amanita_hemibapha
Lycoperdon nigrescens,277,https://en.wikipedia.org/wiki/Lycoperdon_nigrescens
Agaricus californicus,278,https://en.wikipedia.org/wiki/Agaricus_californicus
Amanita subjunquillea,279,https://en.wikipedia.org/wiki/Amanita_subjunquillea
Agaricus impudicus,280,https://en.wikipedia.org/wiki/Agaricus_impudicus
Pleurocybella porrigens,281,https://en.wikipedia.org/wiki/Pleurocybella_porrigens
Cortinarius semisanguineus,282,https://en.wikipedia.org/wiki/Cortinarius_semisanguineus
Geastrum fimbriatum,283,https://en.wikipedia.org/wiki/Geastrum_fimbriatum
Panaeolus papilionaceus,284,https://en.wikipedia.org/wiki/Panaeolus_papilionaceus
Xerocomellus porosporus,285,https://en.wikipedia.org/wiki/Xerocomellus_porosporus
Clathrus columnatus,286,https://en.wikipedia.org/wiki/Clathrus_columnatus
Cortinarius triumphans,287,https://en.wikipedia.org/wiki/Phlegmacium_triumphans
Cortinarius anomalus,288,https://en.wikipedia.org/wiki/Cortinarius_anomalus
Hydnellum suaveolens,289,https://en.wikipedia.org/wiki/Hydnellum_suaveolens
Lycoperdon mammiforme,290,https://en.wikipedia.org/wiki/Lycoperdon_mammiforme
Lycoperdon curtisii,291,https://en.wikipedia.org/wiki/Lycoperdon_curtisii
Suillus cavipes,292,https://en.wikipedia.org/wiki/Suillus_cavipes
Conocybe apala,293,https://en.wikipedia.org/wiki/Conocybe_apala
Hydnum rufescens,294,https://en.wikipedia.org/wiki/Hydnum_rufescens
Polyozellus multiplex,295,https://en.wikipedia.org/wiki/Polyozellus
Psilocybe aztecorum,296,https://en.wikipedia.org/wiki/Psilocybe_aztecorum
Tricholoma portentosum,297,https://en.wikipedia.org/wiki/Tricholoma_portentosum
Sarcodon imbricatus,298,https://en.wikipedia.org/wiki/Sarcodon_imbricatus
Agaricus augustus,299,https://en.wikipedia.org/wiki/Agaricus_augustus
Ganoderma lucidum,300,https://en.wikipedia.org/wiki/Ganoderma_lucidum
Suillus luteus,301,https://en.wikipedia.org/wiki/Suillus_luteus
Coprinus comatus,302,https://en.wikipedia.org/wiki/Coprinus_comatus
Xerocomellus pruinatus,303,https://en.wikipedia.org/wiki/Xerocomellus_pruinatus
Polyporus tuberaster,304,https://en.wikipedia.org/wiki/Polyporus_tuberaster
Suillus grevillei,305,https://en.wikipedia.org/wiki/Suillus_grevillei
Pluteus leoninus,306,https://en.wikipedia.org/wiki/Pluteus_leoninus
Panaeolus semiovatus,307,https://en.wikipedia.org/wiki/Panaeolus_semiovatus_var._semiovatus
Trametes pubescens,308,https://en.wikipedia.org/wiki/Trametes_pubescens
Cerrena unicolor,309,https://en.wikipedia.org/wiki/Cerrena_unicolor
Pisolithus arhizus,310,https://en.wikipedia.org/wiki/Pisolithus_arhizus
Panaeolus acuminatus,311,https://en.wikipedia.org/wiki/Panaeolus_acuminatus
Hericium coralloides,312,https://en.wikipedia.org/wiki/Hericium_coralloides
Pleurotus cornucopiae,313,https://en.wikipedia.org/wiki/Pleurotus_cornucopiae
Russula delica,314,https://en.wikipedia.org/wiki/Russula_delica
Artomyces pyxidatus,315,https://en.wikipedia.org/wiki/Artomyces_pyxidatus
Cortinarius delibutus,316,https://en.wikipedia.org/wiki/Cortinarius_delibutus
Sarcoscypha austriaca,317,https://en.wikipedia.org/wiki/Sarcoscypha_austriaca
Suillus lakei,318,https://en.wikipedia.org/wiki/Suillus_lakei
Leccinellum crocipodium,319,https://en.wikipedia.org/wiki/Leccinellum_crocipodium
Cantharellus amethysteus,320,https://en.wikipedia.org/wiki/Cantharellus_amethysteus
Amanita spissa,321,https://en.wikipedia.org/wiki/Amanita_excelsa_var._spissa
Russula aeruginea,322,https://en.wikipedia.org/wiki/Russula_aeruginea
Lepista irina,323,https://en.wikipedia.org/wiki/Lepista_irina
Alloclavaria purpurea,324,https://en.wikipedia.org/wiki/Alloclavaria_purpurea
Conocybe tenera,325,https://en.wikipedia.org/wiki/Conocybe_tenera
Mycena metata,326,https://en.wikipedia.org/wiki/Mycena_metata
Tricholoma sejunctum,327,https://en.wikipedia.org/wiki/Tricholoma_sejunctum
Volvariella bombycina,328,https://en.wikipedia.org/wiki/Volvariella_bombycina
Suillus tridentinus,329,https://en.wikipedia.org/wiki/Suillus_tridentinus
Gymnopus dryophilus,330,https://en.wikipedia.org/wiki/Gymnopus_dryophilus
Amanita eliae,331,https://en.wikipedia.org/wiki/Amanita_eliae
Russula turci,332,https://en.wikipedia.org/wiki/Russula_turci
Clitopilus prunulus,333,https://en.wikipedia.org/wiki/Clitopilus_prunulus
Lactarius torminosus,334,https://en.wikipedia.org/wiki/Lactarius_torminosus
Clavariadelphus truncatus,335,https://en.wikipedia.org/wiki/Clavariadelphus_truncatus
Lentinula edodes,336,https://en.wikipedia.org/wiki/Shiitake
Handkea excipuliformis,337,https://en.wikipedia.org/wiki/Lycoperdon_excipuliforme
Psilocybe cyanescens,338,https://en.wikipedia.org/wiki/Psilocybe_cyanescens
Butyriboletus subappendiculatus,339,https://en.wikipedia.org/wiki/Butyriboletus_subappendiculatus
Lactarius rufus,340,https://en.wikipedia.org/wiki/Lactarius_rufus
Hemileccinum impolitum,341,https://en.wikipedia.org/wiki/Hemileccinum_impolitum
Lactarius piperatus,342,https://en.wikipedia.org/wiki/Lactifluus_piperatus
Helvella elastica,343,https://en.wikipedia.org/wiki/Helvella_elastica
Lepiota clypeolaria,344,https://en.wikipedia.org/wiki/Lepiota_clypeolaria
Russula vesca,345,https://en.wikipedia.org/wiki/Russula_vesca
Amanita fulva,346,https://en.wikipedia.org/wiki/Amanita_fulva
Russula xerampelina,347,https://en.wikipedia.org/wiki/Russula_xerampelina
Gymnopilus karrara,348,https://en.wikipedia.org/wiki/Gymnopilus_karrara
cartwtereementas de mitas,349,https://en.wikipedia.org/wiki/Craterellus_cornucopioides
Tricholoma equestre,350,https://en.wikipedia.org/wiki/Tricholoma_equestre
Urnula craterium,351,https://en.wikipedia.org/wiki/Urnula_craterium
Lactarius uvidus,352,https://en.wikipedia.org/wiki/Lactarius_uvidus
Hygrophorus nemoreus,353,https://en.wikipedia.org/wiki/Hygrophorus_nemoreus
Mycena rosea,354,https://en.wikipedia.org/wiki/Mycena_rosea
Clathrus archeri,355,https://en.wikipedia.org/wiki/Clathrus_archeri
Russula adusta,356,https://en.wikipedia.org/wiki/Russula_adusta
Cortinarius gentilis,357,https://en.wikipedia.org/wiki/Cortinarius_gentilis
Cortinarius collinitus,358,https://en.wikipedia.org/wiki/Cortinarius_collinitus
Pseudoclitocybe cyathiformis,359,https://en.wikipedia.org/wiki/Pseudoclitocybe_cyathiformis
Entoloma hochstetteri,360,https://en.wikipedia.org/wiki/Entoloma_hochstetteri
Agaricus langei,361,https://en.wikipedia.org/wiki/Agaricus_langei
Morchella conica,362,https://en.wikipedia.org/wiki/Morchella_conica
Suillus placidus,363,https://en.wikipedia.org/wiki/Suillus_placidus
Gyromitra gigas,364,https://en.wikipedia.org/wiki/Discina_gigas
Auriscalpium vulgare,365,https://en.wikipedia.org/wiki/Auriscalpium_vulgare
Cystoderma carcharias,366,https://en.wikipedia.org/wiki/Cystoderma_carcharias
Tricholoma columbetta,367,https://en.wikipedia.org/wiki/Tricholoma_columbetta
Lepiota castanea,368,https://en.wikipedia.org/wiki/Lepiota_castanea
Clitocybe amoenolens,369,https://en.wikipedia.org/wiki/Paralepistopsis_amoenolens
Lactarius subdulcis,370,https://en.wikipedia.org/wiki/Lactarius_subdulcis
Auricularia auricula-judae,371,https://en.wikipedia.org/wiki/Auricularia_auricula-judae
Armillaria solidipes,372,https://en.wikipedia.org/wiki/Armillaria_ostoyae
Albatrellus ovinus,373,https://en.wikipedia.org/wiki/Albatrellus_ovinus
Stropharia hornemannii,374,https://en.wikipedia.org/wiki/Stropharia_hornemannii
Amanita vaginata,375,https://en.wikipedia.org/wiki/Amanita_vaginata
Russula mustelina,376,https://en.wikipedia.org/wiki/Russula_mustelina
Leccinum variicolor,377,https://en.wikipedia.org/wiki/Leccinum_variicolor
Tuber brumale,378,https://en.wikipedia.org/wiki/Tuber_brumale
Phaeolepiota,379,https://en.wikipedia.org/wiki/Phaeolepiota
Omphalotus nidiformis,380,https://en.wikipedia.org/wiki/Omphalotus_nidiformis
Imperator rhodopurpureus,381,https://en.wikipedia.org/wiki/Imperator_rhodopurpureus
Russula sanguinaria,382,https://en.wikipedia.org/wiki/Russula_sanguinaria
Leccinum holopus,383,https://en.wikipedia.org/wiki/Leccinum_holopus
Inocybe geophylla,384,https://en.wikipedia.org/wiki/Inocybe_geophylla
Clitocybe odora,385,https://en.wikipedia.org/wiki/Clitocybe_odora
Gyromitra esculenta,386,https://en.wikipedia.org/wiki/Gyromitra_esculenta
Pleurotus eryngii,387,https://en.wikipedia.org/wiki/Pleurotus_eryngii
Russula integra,388,https://en.wikipedia.org/wiki/Russula_integra
Rhodocybe gemina,389,https://en.wikipedia.org/wiki/Rhodocybe_gemina
Suillus variegatus,390,https://en.wikipedia.org/wiki/Suillus_variegatus
Mutinus elegans,391,https://en.wikipedia.org/wiki/Mutinus_elegans
Amanita ceciliae,392,https://en.wikipedia.org/wiki/Amanita_ceciliae
Russula atropurpurea,393,https://en.wikipedia.org/wiki/Russula_atropurpurea
Lactarius pyrogalus,394,https://en.wikipedia.org/wiki/Lactarius_pyrogalus
Morchella semilibera,395,https://en.wikipedia.org/wiki/Morchella_semilibera
Rhodocollybia maculata,396,https://en.wikipedia.org/wiki/Rhodocollybia_maculata
Rubroboletus legaliae,397,https://en.wikipedia.org/wiki/Rubroboletus_legaliae
Agaricus placomyces,398,https://en.wikipedia.org/wiki/Agaricus_placomyces
Mycena acicula,399,https://en.wikipedia.org/wiki/Mycena_acicula
Bovista nigrescens,400,https://en.wikipedia.org/wiki/Bovista_nigrescens
Phallus indusiatus,401,https://en.wikipedia.org/wiki/Phallus_indusiatus
Armillaria luteobubalina,402,https://en.wikipedia.org/wiki/Armillaria_luteobubalina
Agaricus xanthodermus,403,https://en.wikipedia.org/wiki/Agaricus_xanthodermus
Lactarius vellereus,404,https://en.wikipedia.org/wiki/Lactifluus_vellereus
Hygrophorus hypothejus,405,https://en.wikipedia.org/wiki/Hygrophorus_hypothejus
Lactarius helvus,406,https://en.wikipedia.org/wiki/Lactarius_helvus
Cantharellus,407,https://en.wikipedia.org/wiki/Cantharellus
Lactarius quietus,408,https://en.wikipedia.org/wiki/Lactarius_quietus
Daldinia concentrica,409,https://en.wikipedia.org/wiki/Daldinia_concentrica
Suillus sibiricus,410,https://en.wikipedia.org/wiki/Suillus_sibiricus
Amanita vittadinii,411,https://en.wikipedia.org/wiki/Saproamanita_vittadinii
Craterellus tubaeformis,412,https://en.wikipedia.org/wiki/Craterellus_tubaeformis
Amanita citrina,413,https://en.wikipedia.org/wiki/Amanita_citrina
Flammulina velutipes,414,https://en.wikipedia.org/wiki/Flammulina_velutipes
Laccaria bicolor,415,https://en.wikipedia.org/wiki/Laccaria_bicolor
Echinoderma asperum,416,https://en.wikipedia.org/wiki/Echinoderma_asperum
Cuphophyllus pratensis,417,https://en.wikipedia.org/wiki/Cuphophyllus_pratensis
Clavariadelphus pistillaris,418,https://en.wikipedia.org/wiki/Clavariadelphus_pistillaris
Agaricus silvicola,419,https://en.wikipedia.org/wiki/Agaricus_silvicola
Coprinellus micaceus,420,https://en.wikipedia.org/wiki/Coprinellus_micaceus
Cortinarius orellanus,421,https://en.wikipedia.org/wiki/Cortinarius_orellanus
Panaeolina foenisecii,422,https://en.wikipedia.org/wiki/Panaeolus_foenisecii
Lactarius pallidus,423,https://en.wikipedia.org/wiki/Lactarius_pallidus
Leucocoprinus birnbaumii,424,https://en.wikipedia.org/wiki/Leucocoprinus_birnbaumii
Clitocybe dealbata,425,https://en.wikipedia.org/wiki/Clitocybe_dealbata
Pholiota flammans,426,https://en.wikipedia.org/wiki/Pholiota_flammans
Boletus pinophilus,427,https://en.wikipedia.org/wiki/Boletus_pinophilus
Tapinella atrotomentosa,428,https://en.wikipedia.org/wiki/Tapinella_atrotomentosa
Russula albonigra,429,https://en.wikipedia.org/wiki/Russula_albonigra
Cortinarius elatior,430,https://en.wikipedia.org/wiki/Cortinarius_elatior
Mycena galopus,431,https://en.wikipedia.org/wiki/Mycena_galopus
Panus conchatus,432,https://en.wikipedia.org/wiki/Panus_conchatus
Thelephora terrestris,433,https://en.wikipedia.org/wiki/Thelephora_terrestris
Gymnopilus junonius,434,https://en.wikipedia.org/wiki/Gymnopilus_junonius
Hygrophorus olivaceoalbus,435,https://en.wikipedia.org/wiki/Hygrophorus_olivaceoalbus
Suillus collinitus,436,https://en.wikipedia.org/wiki/Suillus_collinitus
Deconica montana,437,https://en.wikipedia.org/wiki/Deconica_montana
Stereum ostrea,438,https://en.wikipedia.org/wiki/Stereum_ostrea
Suillus brevipes,439,https://en.wikipedia.org/wiki/Suillus_brevipes
Inocybe hystrix,440,https://en.wikipedia.org/wiki/Inocybe_hystrix
Amanita echinocephala,441,https://en.wikipedia.org/wiki/Amanita_echinocephala
Hebeloma sinapizans,442,https://en.wikipedia.org/wiki/Hebeloma_sinapizans
Hygrophorus russula,443,https://en.wikipedia.org/wiki/Hygrophorus_russula
Lentinellus cochleatus,444,https://en.wikipedia.org/wiki/Lentinellus_cochleatus
Clitocybe rivulosa,445,https://en.wikipedia.org/wiki/Clitocybe_rivulosa
Geastrum quadrifidum,446,https://en.wikipedia.org/wiki/Geastrum_quadrifidum
Lepiota helveola,447,https://en.wikipedia.org/wiki/Lepiota_helveola
Mycena polygramma,448,https://en.wikipedia.org/wiki/Mycena_polygramma
Russula heterophylla,449,https://en.wikipedia.org/wiki/Russula_heterophylla
Verpa conica,450,https://en.wikipedia.org/wiki/Verpa_conica
Sarcoscypha coccinea,451,https://en.wikipedia.org/wiki/Sarcoscypha_coccinea
Leccinellum griseum,452,https://en.wikipedia.org/wiki/Leccinellum_griseum
Agaricus bitorquis,453,https://en.wikipedia.org/wiki/Agaricus_bitorquis
Lacrymaria lacrymabunda,454,https://en.wikipedia.org/wiki/Lacrymaria_lacrymabunda
Mycena mustea,455,https://en.wikipedia.org/wiki/Mycena_mustea
Schizophyllum commune,456,https://en.wikipedia.org/wiki/Schizophyllum_commune
Russula amethystina,457,https://en.wikipedia.org/wiki/Russula_amethystina
Cystoderma amianthinum,458,https://en.wikipedia.org/wiki/Cystoderma_amianthinum
Trametes gibbosa,459,https://en.wikipedia.org/wiki/Trametes_gibbosa
Armillaria mellea,460,https://en.wikipedia.org/wiki/Armillaria_mellea
Amanita virosa,461,https://en.wikipedia.org/wiki/Amanita_virosa
Mycetinis scorodonius,462,https://en.wikipedia.org/wiki/Mycetinis_scorodonius
Lactarius deterrimus,463,https://en.wikipedia.org/wiki/Lactarius_deterrimus
Psilocybe semilanceata,464,https://en.wikipedia.org/wiki/Psilocybe_semilanceata
Matsutake,465,https://en.wikipedia.org/wiki/Matsutake
Lactarius semisanguifluus,466,https://en.wikipedia.org/wiki/Lactarius_semisanguifluus
Paxillus involutus,467,https://en.wikipedia.org/wiki/Paxillus_involutus
Amanita arocheae,468,https://en.wikipedia.org/wiki/Amanita_arocheae
Amanita exitialis,469,https://en.wikipedia.org/wiki/Amanita_exitialis
Boletus fibrillosus,470,https://en.wikipedia.org/wiki/Boletus_fibrillosus
Boletus regineus,471,https://en.wikipedia.org/wiki/Boletus_regineus
Boletus rex-veris,472,https://en.wikipedia.org/wiki/Boletus_rex-veris
Boletus subcaerulescens,473,https://en.wikipedia.org/wiki/Boletus_subcaerulescens
Cantharellus cascadensis,474,https://en.wikipedia.org/wiki/Cantharellus_cascadensis
Cantharellus californicus,475,https://en.wikipedia.org/wiki/Cantharellus_californicus
Clavariadelphus ligula,476,https://en.wikipedia.org/wiki/Clavariadelphus_ligula
Pluteus salicinus,477,https://en.wikipedia.org/wiki/Pluteus_salicinus
Inocybe lacera,478,https://en.wikipedia.org/wiki/Inocybe_lacera
Lepiota castaneidisca,479,https://en.wikipedia.org/wiki/Lepiota_castaneidisca
Cortinarius purpurascens,480,https://en.wikipedia.org/wiki/Thaxterogaster_purpurascens
Cortinarius austrovenetus,481,https://en.wikipedia.org/wiki/Cortinarius_austrovenetus
Lysurus mokusin,482,https://en.wikipedia.org/wiki/Lysurus_mokusin
Mycena californiensis,483,https://en.wikipedia.org/wiki/Mycena_californiensis
Inocybe haemacta,484,https://en.wikipedia.org/wiki/Inocybe_haemacta
Laccaria proxima,485,https://en.wikipedia.org/wiki/Laccaria_proxima
Gymnopilus castaneus,486,https://en.wikipedia.org/wiki/Gymnopilus_castaneus
Gymnopilus chilensis,487,https://en.wikipedia.org/wiki/Gymnopilus_chilensis
Gymnopilus chrysotrichoides,488,https://en.wikipedia.org/wiki/Gymnopilus_chrysotrichoides
Gymnopilus chrysimyces,489,https://en.wikipedia.org/wiki/Gymnopilus_chrysimyces
Gymnopilus communis,490,https://en.wikipedia.org/wiki/Gymnopilus_communis
Gymnopilus chrysites,491,https://en.wikipedia.org/wiki/Gymnopilus_chrysites
Gymnopilus chrysopellus,492,https://en.wikipedia.org/wiki/Gymnopilus_chrysopellus
Gymnopilus corsicus,493,https://en.wikipedia.org/wiki/Gymnopilus_corsicus
Gymnopilus condensus,494,https://en.wikipedia.org/wiki/Gymnopilus_condensus
Gymnopilus croceoluteus,495,https://en.wikipedia.org/wiki/Gymnopilus_croceoluteus
Gymnopilus corticophilus,496,https://en.wikipedia.org/wiki/Gymnopilus_corticophilus
Gymnopilus crassitunicatus,497,https://en.wikipedia.org/wiki/Gymnopilus_crassitunicatus
Gymnopilus crocophyllus,498,https://en.wikipedia.org/wiki/Gymnopilus_crocophyllus
Gymnopilus crocias,499,https://en.wikipedia.org/wiki/Gymnopilus_crocias
Gymnopilus decoratus,500,https://en.wikipedia.org/wiki/Gymnopilus_decoratus
Gymnopilus cyanopalmicola,501,https://en.wikipedia.org/wiki/Gymnopilus_cyanopalmicola
Gymnopilus dulongjiangensis,502,https://en.wikipedia.org/wiki/Gymnopilus_dulongjiangensis
Gymnopilus depressus,503,https://en.wikipedia.org/wiki/Gymnopilus_depressus
Gymnopilus echinulisporus,504,https://en.wikipedia.org/wiki/Gymnopilus_echinulisporus
Gymnopilus epileatum,505,https://en.wikipedia.org/wiki/Gymnopilus_epileatum
Gymnopilus eucalyptorum,506,https://en.wikipedia.org/wiki/Gymnopilus_eucalyptorum
Gymnopilus edulis,507,https://en.wikipedia.org/wiki/Gymnopilus_edulis
Gymnopilus elongatipes,508,https://en.wikipedia.org/wiki/Gymnopilus_elongatipes
Gymnopilus excentriciformis,509,https://en.wikipedia.org/wiki/Gymnopilus_excentriciformis
Gymnopilus ferruginosus,510,https://en.wikipedia.org/wiki/Gymnopilus_ferruginosus
Gymnopilus fagicola,511,https://en.wikipedia.org/wiki/Gymnopilus_fagicola
Gymnopilus farinaceus,512,https://en.wikipedia.org/wiki/Gymnopilus_farinaceus
Gymnopilus flavidellus,513,https://en.wikipedia.org/wiki/Gymnopilus_flavidellus
Gymnopilus fibrillosipes,514,https://en.wikipedia.org/wiki/Gymnopilus_fibrillosipes
Gymnopilus flavipunctatus,515,https://en.wikipedia.org/wiki/Gymnopilus_flavipunctatus
Gymnopilus filiceus,516,https://en.wikipedia.org/wiki/Gymnopilus_filiceus
Gymnopilus flavifolius,517,https://en.wikipedia.org/wiki/Gymnopilus_flavifolius
Gymnopilus fulgens,518,https://en.wikipedia.org/wiki/Gymnopilus_fulgens
Gymnopilus fulvicolor,519,https://en.wikipedia.org/wiki/Gymnopilus_fulvicolor
Gymnopilus fuscosquamulosus,520,https://en.wikipedia.org/wiki/Gymnopilus_fuscosquamulosus
Gymnopilus fulviconicus,521,https://en.wikipedia.org/wiki/Gymnopilus_fulviconicus
Gymnopilus fulvellus,522,https://en.wikipedia.org/wiki/Gymnopilus_fulvellus
Gymnopilus galerinopsis,523,https://en.wikipedia.org/wiki/Gymnopilus_galerinopsis
Gymnopilus fulvosquamulosus,524,https://en.wikipedia.org/wiki/Gymnopilus_fulvosquamulosus
Gymnopilus giganteus,525,https://en.wikipedia.org/wiki/Gymnopilus_giganteus
Gymnopilus helvoliceps,526,https://en.wikipedia.org/wiki/Gymnopilus_helvoliceps
Gymnopilus granulosus,527,https://en.wikipedia.org/wiki/Gymnopilus_granulosus
Gymnopilus hainanensis,528,https://en.wikipedia.org/wiki/Gymnopilus_hainanensis
Gymnopilus hemipenetrans,529,https://en.wikipedia.org/wiki/Gymnopilus_hemipenetrans
Gymnopilus hispidellus,530,https://en.wikipedia.org/wiki/Gymnopilus_hispidellus
Gymnopilus hillii,531,https://en.wikipedia.org/wiki/Gymnopilus_hillii
Gymnopilus hybridus,532,https://en.wikipedia.org/wiki/Gymnopilus_hybridus
Gymnopilus humicola,533,https://en.wikipedia.org/wiki/Gymnopilus_humicola
Gymnopilus igniculus,534,https://en.wikipedia.org/wiki/Gymnopilus_igniculus
Gymnopilus jalapensis,535,https://en.wikipedia.org/wiki/Gymnopilus_jalapensis
Gymnopilus imperialis,536,https://en.wikipedia.org/wiki/Gymnopilus_imperialis
Gymnopilus hypholomoides,537,https://en.wikipedia.org/wiki/Gymnopilus_hypholomoides
Gymnopilus intermedius,538,https://en.wikipedia.org/wiki/Gymnopilus_intermedius
Gymnopilus konkinyerius,539,https://en.wikipedia.org/wiki/Gymnopilus_konkinyerius
Gymnopilus janthinosarx,540,https://en.wikipedia.org/wiki/Gymnopilus_janthinosarx
Gymnopilus laricicola,541,https://en.wikipedia.org/wiki/Gymnopilus_laricicola
Gymnopilus lepidotus,542,https://en.wikipedia.org/wiki/Gymnopilus_lepidotus
Gymnopilus lacticolor,543,https://en.wikipedia.org/wiki/Gymnopilus_lacticolor
Gymnopilus levis,544,https://en.wikipedia.org/wiki/Gymnopilus_levis
Gymnopilus latus,545,https://en.wikipedia.org/wiki/Gymnopilus_latus
Gymnopilus luteocarneus,546,https://en.wikipedia.org/wiki/Gymnopilus_luteocarneus
Gymnopilus longisporus,547,https://en.wikipedia.org/wiki/Gymnopilus_longisporus
Gymnopilus longipes,548,https://en.wikipedia.org/wiki/Gymnopilus_longipes
Gymnopilus lutescens,549,https://en.wikipedia.org/wiki/Gymnopilus_lutescens
Gymnopilus luteus,550,https://en.wikipedia.org/wiki/Gymnopilus_luteus
Gymnopilus ludovicianus,551,https://en.wikipedia.org/wiki/Gymnopilus_ludovicianus
Gymnopilus luteoviridis,552,https://en.wikipedia.org/wiki/Gymnopilus_luteoviridis
Gymnopilus macrocheilocystidiatus,553,https://en.wikipedia.org/wiki/Gymnopilus_macrocheilocystidiatus
Gymnopilus luteofolius,554,https://en.wikipedia.org/wiki/Gymnopilus_luteofolius
Gymnopilus magnus,555,https://en.wikipedia.org/wiki/Gymnopilus_magnus
Gymnopilus marasmioides,556,https://en.wikipedia.org/wiki/Gymnopilus_marasmioides
Gymnopilus magnificus,557,https://en.wikipedia.org/wiki/Gymnopilus_magnificus
Gymnopilus maritimus,558,https://en.wikipedia.org/wiki/Gymnopilus_maritimus
Gymnopilus marginatus,559,https://en.wikipedia.org/wiki/Gymnopilus_marginatus
Gymnopilus medius,560,https://en.wikipedia.org/wiki/Gymnopilus_medius
Gymnopilus megasporus,561,https://en.wikipedia.org/wiki/Gymnopilus_megasporus
Gymnopilus melleus,562,https://en.wikipedia.org/wiki/Gymnopilus_melleus
Gymnopilus microloxus,563,https://en.wikipedia.org/wiki/Gymnopilus_microloxus
Gymnopilus mesosporus,564,https://en.wikipedia.org/wiki/Gymnopilus_mesosporus
Gymnopilus micromegas,565,https://en.wikipedia.org/wiki/Gymnopilus_micromegas
Gymnopilus microsporus,566,https://en.wikipedia.org/wiki/Gymnopilus_microsporus
Gymnopilus mitis,567,https://en.wikipedia.org/wiki/Gymnopilus_mitis
Gymnopilus minutosporus,568,https://en.wikipedia.org/wiki/Gymnopilus_minutosporus
Gymnopilus mullaunius,569,https://en.wikipedia.org/wiki/Gymnopilus_mullaunius
Gymnopilus moabus,570,https://en.wikipedia.org/wiki/Gymnopilus_moabus
Gymnopilus naucorioides,571,https://en.wikipedia.org/wiki/Gymnopilus_naucorioides
Gymnopilus multifolius,572,https://en.wikipedia.org/wiki/Gymnopilus_multifolius
Gymnopilus nashii,573,https://en.wikipedia.org/wiki/Gymnopilus_nashii
Gymnopilus nitens,574,https://en.wikipedia.org/wiki/Gymnopilus_nitens
Gymnopilus njalaensis,575,https://en.wikipedia.org/wiki/Gymnopilus_njalaensis
Gymnopilus nevadensis,576,https://en.wikipedia.org/wiki/Gymnopilus_nevadensis
Gymnopilus norfolkensis,577,https://en.wikipedia.org/wiki/Gymnopilus_norfolkensis
Gymnopilus noviholocirrhus,578,https://en.wikipedia.org/wiki/Gymnopilus_noviholocirrhus
Gymnopilus ochraceus,579,https://en.wikipedia.org/wiki/Gymnopilus_ochraceus
Gymnopilus olivaceobrunneus,580,https://en.wikipedia.org/wiki/Gymnopilus_olivaceobrunneus
Gymnopilus novoguineensis,581,https://en.wikipedia.org/wiki/Gymnopilus_novoguineensis
Gymnopilus obscurus,582,https://en.wikipedia.org/wiki/Gymnopilus_obscurus
Gymnopilus oregonensis,583,https://en.wikipedia.org/wiki/Gymnopilus_oregonensis
Gymnopilus omphalina,584,https://en.wikipedia.org/wiki/Gymnopilus_omphalina
Gymnopilus pacificus,585,https://en.wikipedia.org/wiki/Gymnopilus_pacificus
Gymnopilus oxylepis,586,https://en.wikipedia.org/wiki/Gymnopilus_oxylepis
Gymnopilus ornatulus,587,https://en.wikipedia.org/wiki/Gymnopilus_ornatulus
Gymnopilus palmicola,588,https://en.wikipedia.org/wiki/Gymnopilus_palmicola
Gymnopilus pallidus,589,https://en.wikipedia.org/wiki/Gymnopilus_pallidus
Gymnopilus panelloides,590,https://en.wikipedia.org/wiki/Gymnopilus_panelloides
Gymnopilus panurensis,591,https://en.wikipedia.org/wiki/Gymnopilus_panurensis
Gymnopilus parvulus,592,https://en.wikipedia.org/wiki/Gymnopilus_parvulus
Gymnopilus parvisquamulosus,593,https://en.wikipedia.org/wiki/Gymnopilus_parvisquamulosus
Gymnopilus parrumbalus,594,https://en.wikipedia.org/wiki/Gymnopilus_parrumbalus
Gymnopilus pholiotoides,595,https://en.wikipedia.org/wiki/Gymnopilus_pholiotoides
Gymnopilus permollis,596,https://en.wikipedia.org/wiki/Gymnopilus_permollis
Gymnopilus patriae,597,https://en.wikipedia.org/wiki/Gymnopilus_patriae
Gymnopilus perisporius,598,https://en.wikipedia.org/wiki/Gymnopilus_perisporius
Gymnopilus peliolepis,599,https://en.wikipedia.org/wiki/Gymnopilus_peliolepis
Gymnopilus pleurocystidiatus,600,https://en.wikipedia.org/wiki/Gymnopilus_pleurocystidiatus
Gymnopilus picreus,601,https://en.wikipedia.org/wiki/Gymnopilus_picreus
Gymnopilus praefloccosus,602,https://en.wikipedia.org/wiki/Gymnopilus_praefloccosus
Gymnopilus piceinus,603,https://en.wikipedia.org/wiki/Gymnopilus_piceinus
Gymnopilus praecox,604,https://en.wikipedia.org/wiki/Gymnopilus_praecox
Gymnopilus praelaeticolor,605,https://en.wikipedia.org/wiki/Gymnopilus_praelaeticolor
Gymnopilus pulchrifolius,606,https://en.wikipedia.org/wiki/Gymnopilus_pulchrifolius
Gymnopilus primulinus,607,https://en.wikipedia.org/wiki/Gymnopilus_primulinus
Gymnopilus pratensis,608,https://en.wikipedia.org/wiki/Gymnopilus_pratensis
Gymnopilus rigidus,609,https://en.wikipedia.org/wiki/Gymnopilus_rigidus
Gymnopilus rufobrunneus,610,https://en.wikipedia.org/wiki/Gymnopilus_rufobrunneus
Gymnopilus robustus,611,https://en.wikipedia.org/wiki/Gymnopilus_robustus
Gymnopilus rufosquamulosus,612,https://en.wikipedia.org/wiki/Gymnopilus_rufosquamulosus
Gymnopilus rugulosus,613,https://en.wikipedia.org/wiki/Gymnopilus_rugulosus
Gymnopilus russipes,614,https://en.wikipedia.org/wiki/Gymnopilus_russipes
Gymnopilus rufopunctatus,615,https://en.wikipedia.org/wiki/Gymnopilus_rufopunctatus
Gymnopilus sordidostipes,616,https://en.wikipedia.org/wiki/Gymnopilus_sordidostipes
Gymnopilus satur,617,https://en.wikipedia.org/wiki/Gymnopilus_satur
Gymnopilus spadiceus,618,https://en.wikipedia.org/wiki/Gymnopilus_spadiceus
Gymnopilus sapineus,619,https://en.wikipedia.org/wiki/Gymnopilus_sapineus
Gymnopilus squalidus,620,https://en.wikipedia.org/wiki/Gymnopilus_squalidus
Gymnopilus sphagnicola,621,https://en.wikipedia.org/wiki/Gymnopilus_sphagnicola
Gymnopilus spinulifer,622,https://en.wikipedia.org/wiki/Gymnopilus_spinulifer
Gymnopilus squamulosus,623,https://en.wikipedia.org/wiki/Gymnopilus_squamulosus
Gymnopilus subbellulus,624,https://en.wikipedia.org/wiki/Gymnopilus_subbellulus
Gymnopilus subdryophilus,625,https://en.wikipedia.org/wiki/Gymnopilus_subdryophilus
Gymnopilus subcarbonarius,626,https://en.wikipedia.org/wiki/Gymnopilus_subcarbonarius
Gymnopilus subearlei,627,https://en.wikipedia.org/wiki/Gymnopilus_subearlei
Gymnopilus suberis,628,https://en.wikipedia.org/wiki/Gymnopilus_suberis
Gymnopilus stabilis,629,https://en.wikipedia.org/wiki/Gymnopilus_stabilis
Gymnopilus subfulgens,630,https://en.wikipedia.org/wiki/Gymnopilus_subfulgens
Gymnopilus subfulvus,631,https://en.wikipedia.org/wiki/Gymnopilus_subfulvus
Gymnopilus subgeminellus,632,https://en.wikipedia.org/wiki/Gymnopilus_subgeminellus
Gymnopilus subsapineus,633,https://en.wikipedia.org/wiki/Gymnopilus_subsapineus
Gymnopilus subpenetrans,634,https://en.wikipedia.org/wiki/Gymnopilus_subpenetrans
Gymnopilus subtropicus,635,https://en.wikipedia.org/wiki/Gymnopilus_subtropicus
Gymnopilus subpurpuratus,636,https://en.wikipedia.org/wiki/Gymnopilus_subpurpuratus
Gymnopilus subrufobrunneus,637,https://en.wikipedia.org/wiki/Gymnopilus_subrufobrunneus
Gymnopilus subsphaerosporus,638,https://en.wikipedia.org/wiki/Gymnopilus_subsphaerosporus
Gymnopilus tasmanicus,639,https://en.wikipedia.org/wiki/Gymnopilus_tasmanicus
Gymnopilus tenuis,640,https://en.wikipedia.org/wiki/Gymnopilus_tenuis
Gymnopilus subviridis,641,https://en.wikipedia.org/wiki/Gymnopilus_subviridis
Gymnopilus terrestris,642,https://en.wikipedia.org/wiki/Gymnopilus_terrestris
Gymnopilus testaceus,643,https://en.wikipedia.org/wiki/Gymnopilus_testaceus
Gymnopilus thiersii,644,https://en.wikipedia.org/wiki/Gymnopilus_thiersii
Gymnopilus terricola,645,https://en.wikipedia.org/wiki/Gymnopilus_terricola
Gymnopilus trailii,646,https://en.wikipedia.org/wiki/Gymnopilus_trailii
Gymnopilus tomentulosus,647,https://en.wikipedia.org/wiki/Gymnopilus_tomentulosus
Gymnopilus tonkinensis,648,https://en.wikipedia.org/wiki/Gymnopilus_tonkinensis
Gymnopilus tuxtlensis,649,https://en.wikipedia.org/wiki/Gymnopilus_tuxtlensis
Gymnopilus tropicus,650,https://en.wikipedia.org/wiki/Gymnopilus_tropicus
Gymnopilus tyallus,651,https://en.wikipedia.org/wiki/Gymnopilus_tyallus
Gymnopilus validipes,652,https://en.wikipedia.org/wiki/Gymnopilus_validipes
Gymnopilus velatus,653,https://en.wikipedia.org/wiki/Gymnopilus_velatus
Gymnopilus velutinus,654,https://en.wikipedia.org/wiki/Gymnopilus_velutinus
Gymnopilus unicolor,655,https://en.wikipedia.org/wiki/Gymnopilus_unicolor
Gymnopilus ventricosus,656,https://en.wikipedia.org/wiki/Gymnopilus_ventricosus
Gymnopilus viridans,657,https://en.wikipedia.org/wiki/Gymnopilus_viridans
Gymnopilus vialis,658,https://en.wikipedia.org/wiki/Gymnopilus_vialis
Gymnopilus weberi,659,https://en.wikipedia.org/wiki/Gymnopilus_weberi
Gymnopilus yangshanensis,660,https://en.wikipedia.org/wiki/Gymnopilus_yangshanensis
Gymnopilus viscidissimus,661,https://en.wikipedia.org/wiki/Gymnopilus_viscidissimus
Gymnopilus viscidus,662,https://en.wikipedia.org/wiki/Gymnopilus_viscidus
Gymnopilus zempoalensis,663,https://en.wikipedia.org/wiki/Gymnopilus_zempoalensis
Gymnopilus zenkeri,664,https://en.wikipedia.org/wiki/Gymnopilus_zenkeri
Porpolomopsis lewelliniae,665,https://en.wikipedia.org/wiki/Porpolomopsis_lewelliniae
Mycena fuscoaurantiaca,666,https://en.wikipedia.org/wiki/Mycena_fuscoaurantiaca
Hebeloma aminophilum,667,https://en.wikipedia.org/wiki/Hebeloma_aminophilum
Hericium abietis,668,https://en.wikipedia.org/wiki/Hericium_abietis
Mycena adscendens,669,https://en.wikipedia.org/wiki/Mycena_adscendens
Mycena cyanorhiza,670,https://en.wikipedia.org/wiki/Mycena_cyanorrhiza
Mycena urania,671,https://en.wikipedia.org/wiki/Mycena_urania
Hydnellum ferrugineum,672,https://en.wikipedia.org/wiki/Hydnellum_ferrugineum
Hydnellum concrescens,673,https://en.wikipedia.org/wiki/Hydnellum_concrescens
Hygrocybe aurantipes,674,https://en.wikipedia.org/wiki/Hygrocybe_aurantipes
Hygrocybe virescens,675,https://en.wikipedia.org/wiki/Hygrocybe_virescens
Hygrophorus bakerensis,676,https://en.wikipedia.org/wiki/Hygrophorus_bakerensis
Ileodictyon cibarium,677,https://en.wikipedia.org/wiki/Ileodictyon_cibarium
Laccocephalum basilapidoides,678,https://en.wikipedia.org/wiki/Laccocephalum_basilapidoides
Lactarius affinis,679,https://en.wikipedia.org/wiki/Lactarius_affinis
Lactarius fallax,680,https://en.wikipedia.org/wiki/Lactarius_fallax
Lactarius fumosus,681,https://en.wikipedia.org/wiki/Lactarius_fumosus
Lactarius rubrilacteus,682,https://en.wikipedia.org/wiki/Lactarius_rubrilacteus
Lactarius subflammeus,683,https://en.wikipedia.org/wiki/Lactarius_subflammeus
Leotia atrovirens,684,https://en.wikipedia.org/wiki/Leotia_atrovirens
Leotia viscosa,685,https://en.wikipedia.org/wiki/Leotia_viscosa
Leucocoprinus brebissonii,686,https://en.wikipedia.org/wiki/Leucocoprinus_brebissonii
Leucopaxillus albissimus,687,https://en.wikipedia.org/wiki/Leucopaxillus_albissimus
Peziza arvernensis,688,https://en.wikipedia.org/wiki/Peziza_arvernensis
Lycoperdon pulcherrimum,689,https://en.wikipedia.org/wiki/Lycoperdon_pulcherrimum
Lycoperdon molle,690,https://en.wikipedia.org/wiki/Lycoperdon_molle
Lysurus periphragmoides,691,https://en.wikipedia.org/wiki/Lysurus_periphragmoides
Macrocybe titans,692,https://en.wikipedia.org/wiki/Macrocybe_titans
Melanoleuca melaleuca,693,https://en.wikipedia.org/wiki/Melanoleuca_melaleuca
Mycena arcangeliana,694,https://en.wikipedia.org/wiki/Mycena_arcangeliana
Mycena aurantiomarginata,695,https://en.wikipedia.org/wiki/Mycena_aurantiomarginata
Marasmius elegans,696,https://en.wikipedia.org/wiki/Marasmius_elegans
Mycena clariviolacea,697,https://en.wikipedia.org/wiki/Mycena_clariviolacea
Mycena cinerella,698,https://en.wikipedia.org/wiki/Mycena_cinerella
Mycena kuurkacea,699,https://en.wikipedia.org/wiki/Mycena_kuurkacea
Mycena multiplicata,700,https://en.wikipedia.org/wiki/Mycena_multiplicata
Mycena leaiana,701,https://en.wikipedia.org/wiki/Mycena_leaiana
Mycena nidificata,702,https://en.wikipedia.org/wiki/Mycena_nidificata
Mycena nargan,703,https://en.wikipedia.org/wiki/Mycena_nargan
Mycena olida,704,https://en.wikipedia.org/wiki/Mycena_olida
Mycena overholtsii,705,https://en.wikipedia.org/wiki/Mycena_overholtsii
Mycena stylobates,706,https://en.wikipedia.org/wiki/Mycena_stylobates
Omphalotus olivascens,707,https://en.wikipedia.org/wiki/Omphalotus_olivascens
Panaeolina castaneifolia,708,https://en.wikipedia.org/wiki/Panaeolina_castaneifolia
Panaeolus antillarum,709,https://en.wikipedia.org/wiki/Panaeolus_antillarum
Panaeolus africanus,710,https://en.wikipedia.org/wiki/Panaeolus_africanus
Panaeolus cambodginiensis,711,https://en.wikipedia.org/wiki/Panaeolus_cambodginiensis
Panaeolus bisporus,712,https://en.wikipedia.org/wiki/Panaeolus_bisporus
Panaeolus olivaceus,713,https://en.wikipedia.org/wiki/Panaeolus_olivaceus
Panaeolus papilionaceus var. parvisporus,714,https://en.wikipedia.org/wiki/Panaeolus_papilionaceus_var._parvisporus
Panaeolus tropicalis,715,https://en.wikipedia.org/wiki/Panaeolus_tropicalis
Panaeolus semiovatus var. phalaenarum,716,https://en.wikipedia.org/wiki/Panaeolus_semiovatus_var._phalaenarum
Phallus calongei,717,https://en.wikipedia.org/wiki/Phallus_calongei
Phallus pygmaeus,718,https://en.wikipedia.org/wiki/Phallus_pygmaeus
Omphalotus japonicus,719,https://en.wikipedia.org/wiki/Omphalotus_japonicus
Omphalotus illudens,720,https://en.wikipedia.org/wiki/Omphalotus_illudens
Phallus ravenelii,721,https://en.wikipedia.org/wiki/Phallus_ravenelii
Phlebopus marginatus,722,https://en.wikipedia.org/wiki/Phlebopus_marginatus
Plectania nannfeldtii,723,https://en.wikipedia.org/wiki/Plectania_nannfeldtii
Pluteus nevadensis,724,https://en.wikipedia.org/wiki/Pluteus_nevadensis
Psathyrella ammophila,725,https://en.wikipedia.org/wiki/Psathyrella_ammophila
Pseudocolus fusiformis,726,https://en.wikipedia.org/wiki/Pseudocolus_fusiformis
Psilocybe atlantis,727,https://en.wikipedia.org/wiki/Psilocybe_atlantis
Psilocybe aucklandiae,728,https://en.wikipedia.org/wiki/Psilocybe_aucklandiae
Psilocybe caerulescens,729,https://en.wikipedia.org/wiki/Psilocybe_caerulescens
Psilocybe caerulipes,730,https://en.wikipedia.org/wiki/Psilocybe_caerulipes
Psilocybe cyanofibrillosa,731,https://en.wikipedia.org/wiki/Psilocybe_cyanofibrillosa
Psilocybe fimetaria,732,https://en.wikipedia.org/wiki/Psilocybe_fimetaria
Psilocybe graveolens,733,https://en.wikipedia.org/wiki/Psilocybe_graveolens
Psilocybe guilartensis,734,https://en.wikipedia.org/wiki/Psilocybe_guilartensis
Psilocybe hoogshagenii,735,https://en.wikipedia.org/wiki/Psilocybe_hoogshagenii
Psilocybe hispanica,736,https://en.wikipedia.org/wiki/Psilocybe_hispanica
Coprinellus xanthothrix,737,https://en.wikipedia.org/wiki/Coprinellus_xanthothrix
Gymnopilus odini,738,https://en.wikipedia.org/wiki/Gymnopilus_odini
Gymnopilus ombrophilus,739,https://en.wikipedia.org/wiki/Gymnopilus_ombrophilus
Gymnopilus psamminus,740,https://en.wikipedia.org/wiki/Gymnopilus_psamminus
Gymnopilus pseudocamerinus,741,https://en.wikipedia.org/wiki/Gymnopilus_pseudocamerinus
Gymnopilus purpuratus,742,https://en.wikipedia.org/wiki/Gymnopilus_purpuratus
Gymnopilus rufescens,743,https://en.wikipedia.org/wiki/Gymnopilus_rufescens
Gymnopilus pusillus,744,https://en.wikipedia.org/wiki/Gymnopilus_pusillus
Gymnopilus radicicola,745,https://en.wikipedia.org/wiki/Gymnopilus_radicicola
Mycena renati,746,https://en.wikipedia.org/wiki/Mycena_renati
Galerina sulciceps,747,https://en.wikipedia.org/wiki/Galerina_sulciceps
Mycena purpureofusca,748,https://en.wikipedia.org/wiki/Mycena_purpureofusca
Inocybe salicis,749,https://en.wikipedia.org/wiki/Inocybe_salicis
Wolfiporia extensa,750,https://en.wikipedia.org/wiki/Wolfiporia_extensa
Psathyrella piluliformis,751,https://en.wikipedia.org/wiki/Psathyrella_piluliformis
Mycena leptocephala,752,https://en.wikipedia.org/wiki/Mycena_leptocephala
Macrolepiota excoriata,753,https://en.wikipedia.org/wiki/Macrolepiota_excoriata
Lactarius pallescens,754,https://en.wikipedia.org/wiki/Lactarius_pallescens
Laccaria ochropurpurea,755,https://en.wikipedia.org/wiki/Laccaria_ochropurpurea
Lepista sordida,756,https://en.wikipedia.org/wiki/Collybia_sordida
Hydnellum gracilipes,757,https://en.wikipedia.org/wiki/Hydnellum_gracilipes
Buchwaldoboletus lignicola,758,https://en.wikipedia.org/wiki/Buchwaldoboletus_lignicola
Suillus americanus,759,https://en.wikipedia.org/wiki/Suillus_americanus
Suillus bresadolae,760,https://en.wikipedia.org/wiki/Suillus_bresadolae
Phellodon niger,761,https://en.wikipedia.org/wiki/Phellodon_niger
Phellodon secretus,762,https://en.wikipedia.org/wiki/Phellodon_secretus
Hygrocybe miniata,763,https://en.wikipedia.org/wiki/Hygrocybe_miniata
Xeromphalina campanella,764,https://en.wikipedia.org/wiki/Xeromphalina_campanella
Termitomyces robustus,765,https://en.wikipedia.org/wiki/Termitomyces_robustus
Craterellus,766,https://en.wikipedia.org/wiki/Craterellus
Thelephora ganbajun,767,https://en.wikipedia.org/wiki/Thelephora_ganbajun
Mycena luxaeterna,768,https://en.wikipedia.org/wiki/Mycena_luxaeterna
Cordyceps militaris,769,https://en.wikipedia.org/wiki/Cordyceps_militaris
Daedaleopsis confragosa,770,https://en.wikipedia.org/wiki/Daedaleopsis_confragosa
Lactarius fuliginosus,771,https://en.wikipedia.org/wiki/Lactarius_fuliginosus
Mycena inclinata,772,https://en.wikipedia.org/wiki/Mycena_inclinata
Psilocybe mescaleroensis,773,https://en.wikipedia.org/wiki/Psilocybe_mescaleroensis
Psilocybe naematoliformis,774,https://en.wikipedia.org/wiki/Psilocybe_naematoliformis
Psilocybe ovoideocystidiata,775,https://en.wikipedia.org/wiki/Psilocybe_ovoideocystidiata
Psilocybe pelliculosa,776,https://en.wikipedia.org/wiki/Psilocybe_pelliculosa
Psilocybe plutonia,777,https://en.wikipedia.org/wiki/Psilocybe_plutonia
Psilocybe samuiensis,778,https://en.wikipedia.org/wiki/Psilocybe_samuiensis
Psilocybe quebecensis,779,https://en.wikipedia.org/wiki/Psilocybe_quebecensis
Psilocybe stuntzii,780,https://en.wikipedia.org/wiki/Psilocybe_stuntzii
Psilocybe strictipes,781,https://en.wikipedia.org/wiki/Psilocybe_strictipes
Psilocybe subcaerulipes,782,https://en.wikipedia.org/wiki/Psilocybe_subcaerulipes
Psilocybe villarrealiae,783,https://en.wikipedia.org/wiki/Psilocybe_villarrealiae
Psilocybe weilii,784,https://en.wikipedia.org/wiki/Psilocybe_weilii
Psilocybe yungensis,785,https://en.wikipedia.org/wiki/Psilocybe_yungensis
Psilocybe weraroa,786,https://en.wikipedia.org/wiki/Psilocybe_weraroa
Mycena adonis,787,https://en.wikipedia.org/wiki/Atheniella_adonis
Lactarius argillaceifolius,788,https://en.wikipedia.org/wiki/Lactarius_argillaceifolius
Russula brevipes,789,https://en.wikipedia.org/wiki/Russula_brevipes
Lactarius deceptivus,790,https://en.wikipedia.org/wiki/Lactifluus_deceptivus
Lactarius rufulus,791,https://en.wikipedia.org/wiki/Lactarius_rufulus
Russula rosea,792,https://en.wikipedia.org/wiki/Russula_rosea
Lactarius vinaceorufescens,793,https://en.wikipedia.org/wiki/Lactarius_vinaceorufescens
Lactarius alnicola,794,https://en.wikipedia.org/wiki/Lactarius_alnicola
Lactarius rupestris,795,https://en.wikipedia.org/wiki/Lactifluus_rupestris
Bjerkandera adusta,796,https://en.wikipedia.org/wiki/Bjerkandera_adusta
Morchella rufobrunnea,797,https://en.wikipedia.org/wiki/Morchella_rufobrunnea
Morchella tomentosa,798,https://en.wikipedia.org/wiki/Morchella_tomentosa
Morchella vulgaris,799,https://en.wikipedia.org/wiki/Morchella_vulgaris
Leccinum versipelle,800,https://en.wikipedia.org/wiki/Leccinum_versipelle
Psilocybe subaeruginosa,801,https://en.wikipedia.org/wiki/Psilocybe_subaeruginosa
Psilocybe baeocystis,802,https://en.wikipedia.org/wiki/Psilocybe_baeocystis
Helvella acetabulum,803,https://en.wikipedia.org/wiki/Helvella_acetabulum
Peziza badia,804,https://en.wikipedia.org/wiki/Legaliana_badia
Calocybe carnea,805,https://en.wikipedia.org/wiki/Calocybe_carnea
Amanita proxima,806,https://en.wikipedia.org/wiki/Amanita_proxima
Amanita umbrinolutea,807,https://en.wikipedia.org/wiki/Amanita_umbrinolutea
Hygrophorus penarius,808,https://en.wikipedia.org/wiki/Hygrophorus_penarius
Clitocybe fragrans,809,https://en.wikipedia.org/wiki/Clitocybe_fragrans
Leccinellum lepidum,810,https://en.wikipedia.org/wiki/Leccinellum_lepidum
Lepista glaucocana,811,https://en.wikipedia.org/wiki/Lepista_glaucocana
Sarcodon squamosus,812,https://en.wikipedia.org/wiki/Sarcodon_squamosus
Mycena aetites,813,https://en.wikipedia.org/wiki/Mycena_aetites
Helvella corium,814,https://en.wikipedia.org/wiki/Helvella_corium
Leucopaxillus gentianeus,815,https://en.wikipedia.org/wiki/Leucopaxillus_gentianeus
Otidea leporina,816,https://en.wikipedia.org/wiki/Otidea_leporina
Mycena flavoalba,817,https://en.wikipedia.org/wiki/Atheniella_flavoalba
Spathularia flavida,818,https://en.wikipedia.org/wiki/Spathularia_flavida
Gyromitra infula,819,https://en.wikipedia.org/wiki/Paragyromitra_infula
Mycena rosella,820,https://en.wikipedia.org/wiki/Mycena_rosella
Geastrum pectinatum,821,https://en.wikipedia.org/wiki/Geastrum_pectinatum
Tricholoma album,822,https://en.wikipedia.org/wiki/Tricholoma_album
Thelephora anthocephala,823,https://en.wikipedia.org/wiki/Thelephora_anthocephala
Tylopilus alboater,824,https://en.wikipedia.org/wiki/Tylopilus_alboater
Inocybe godeyi,825,https://en.wikipedia.org/wiki/Inocybe_godeyi
Inocybe praetervisa,826,https://en.wikipedia.org/wiki/Inocybe_praetervisa
Lepiota ignivolvata,827,https://en.wikipedia.org/wiki/Lepiota_ignivolvata
Hydnellum caeruleum,828,https://en.wikipedia.org/wiki/Hydnellum_caeruleum
Hydnellum aurantiacum,829,https://en.wikipedia.org/wiki/Hydnellum_aurantiacum
Collybia cirrhata,830,https://en.wikipedia.org/wiki/Collybia_cirrhata
Limacella illinita,831,https://en.wikipedia.org/wiki/Limacella_illinita
Cystodermella cinnabarina,832,https://en.wikipedia.org/wiki/Cystodermella_cinnabarina
Caloscypha fulgens,833,https://en.wikipedia.org/wiki/Caloscypha
Hygrophorus camarophyllus,834,https://en.wikipedia.org/wiki/Hygrophorus_camarophyllus
Inocybe corydalina,835,https://en.wikipedia.org/wiki/Inocybe_corydalina_var._corydalina
Ischnoderma resinosum,836,https://en.wikipedia.org/wiki/Ischnoderma_resinosum
Tricholoma acerbum,837,https://en.wikipedia.org/wiki/Tricholoma_acerbum
Tuber macrosporum,838,https://en.wikipedia.org/wiki/Tuber_macrosporum
Volvariella surrecta,839,https://en.wikipedia.org/wiki/Volvariella_surrecta
Agaricus fuscofibrillosus,840,https://en.wikipedia.org/wiki/Agaricus_brunneofibrillosus
Amanita frostiana,841,https://en.wikipedia.org/wiki/Amanita_frostiana
Amanita albocreata,842,https://en.wikipedia.org/wiki/Amanita_albocreata
Amanita bisporigera,843,https://en.wikipedia.org/wiki/Amanita_bisporigera
Amanita parcivolvata,844,https://en.wikipedia.org/wiki/Amanita_parcivolvata
Amanita daucipes,845,https://en.wikipedia.org/wiki/Amanita_daucipes
Cortinarius infractus,846,https://en.wikipedia.org/wiki/Cortinarius_infractus
Tricholoma apium,847,https://en.wikipedia.org/wiki/Tricholoma_apium
Suillellus amygdalinus,848,https://en.wikipedia.org/wiki/Suillellus_amygdalinus
Gymnopilus anomalus,849,https://en.wikipedia.org/wiki/Gymnopilus_anomalus
Cantharellus cinereus,850,https://en.wikipedia.org/wiki/Craterellus_cinereus
Phellodon tomentosus,851,https://en.wikipedia.org/wiki/Phellodon_tomentosus
Homophron spadiceum,852,https://en.wikipedia.org/wiki/Psathyrella_spadicea
Lepiota erminea,853,https://en.wikipedia.org/wiki/Lepiota_erminea
Hydnum albidum,854,https://en.wikipedia.org/wiki/Hydnum_albidum
Gymnopilus alienus,855,https://en.wikipedia.org/wiki/Gymnopilus_alienus
Gymnopilus lateritius,856,https://en.wikipedia.org/wiki/Gymnopilus_lateritius
Gymnopilus marticorenai,857,https://en.wikipedia.org/wiki/Gymnopilus_marticorenai
Gymnopilus foedatus,858,https://en.wikipedia.org/wiki/Gymnopilus_foedatus
Gymnopilus karnalensis,859,https://en.wikipedia.org/wiki/Gymnopilus_karnalensis
Gymnopilus purpureosquamulosus,860,https://en.wikipedia.org/wiki/Gymnopilus_purpureosquamulosus
Gymnopilus parvisporus,861,https://en.wikipedia.org/wiki/Gymnopilus_parvisporus
Gymnopilus perplexus,862,https://en.wikipedia.org/wiki/Gymnopilus_perplexus
Gymnopilus subspectabilis,863,https://en.wikipedia.org/wiki/Gymnopilus_subspectabilis
Gymnopilus subflavidus,864,https://en.wikipedia.org/wiki/Gymnopilus_subflavidus
Gymnopilus submarasmioides,865,https://en.wikipedia.org/wiki/Gymnopilus_submarasmioides
Mycena lanuginosa,866,https://en.wikipedia.org/wiki/Mycena_lanuginosa
Hydnellum geogenium,867,https://en.wikipedia.org/wiki/Hydnellum_geogenium
Butyriboletus fechtneri,868,https://en.wikipedia.org/wiki/Butyriboletus_fechtneri
Amanita fuliginea,869,https://en.wikipedia.org/wiki/Amanita_fuliginea
Astraeus sirindhorniae,870,https://en.wikipedia.org/wiki/Astraeus_sirindhorniae
Hygrocybe austropratensis,871,https://en.wikipedia.org/wiki/Hygrocybe_austropratensis
Mycena atkinsoniana,872,https://en.wikipedia.org/wiki/Mycena_atkinsoniana
Laccaria amethysteo-occidentalis,873,https://en.wikipedia.org/wiki/Laccaria_amethysteo-occidentalis
Laetiporus montanus,874,https://en.wikipedia.org/wiki/Laetiporus_montanus
Leccinum albostipitatum,875,https://en.wikipedia.org/wiki/Leccinum_albostipitatum
Boletus subluridellus,876,https://en.wikipedia.org/wiki/Boletus_subluridellus
Boletus sensibilis,877,https://en.wikipedia.org/wiki/Boletus_sensibilis
Boletus rubroflammeus,878,https://en.wikipedia.org/wiki/Boletus_rubroflammeus
Gymnopilus decurrens,879,https://en.wikipedia.org/wiki/Gymnopilus_decurrens
Gymnopilus earlei,880,https://en.wikipedia.org/wiki/Gymnopilus_earlei
Psilocybe galindoi,881,https://en.wikipedia.org/wiki/Psilocybe_galindoi
Trogia venenata,882,https://en.wikipedia.org/wiki/Trogia_venenata
Tricholoma vernaticum,883,https://en.wikipedia.org/wiki/Tricholoma_vernaticum
Astraeus odoratus,884,https://en.wikipedia.org/wiki/Astraeus_odoratus
Leratiomyces ceres,885,https://en.wikipedia.org/wiki/Leratiomyces_ceres
Boletus rubriceps,886,https://en.wikipedia.org/wiki/Boletus_rubriceps
Amanita excelsa,887,https://en.wikipedia.org/wiki/Amanita_excelsa
wolf bolete,888,https://en.wikipedia.org/wiki/Rubroboletus_lupinus
Psilocybe zapotecorum,889,https://en.wikipedia.org/wiki/Psilocybe_zapotecorum
Ramariopsis kunzei,890,https://en.wikipedia.org/wiki/Ramariopsis_kunzei
Amanita onusta,891,https://en.wikipedia.org/wiki/Amanita_onusta
Amanita velosa,892,https://en.wikipedia.org/wiki/Amanita_velosa
Russula albidula,893,https://en.wikipedia.org/wiki/Russula_albidula
Russula subnigricans,894,https://en.wikipedia.org/wiki/Russula_subnigricans
Crinipellis zonata,895,https://en.wikipedia.org/wiki/Crinipellis_zonata
Boletus subvelutipes,896,https://en.wikipedia.org/wiki/Boletus_subvelutipes
Cantharellus appalachiensis,897,https://en.wikipedia.org/wiki/Cantharellus_appalachiensis
Cantharellus subalbidus,898,https://en.wikipedia.org/wiki/Cantharellus_subalbidus
Cortinarius vanduzerensis,899,https://en.wikipedia.org/wiki/Cortinarius_vanduzerensis
Lactarius pseudomucidus,900,https://en.wikipedia.org/wiki/Lactarius_pseudomucidus
Leccinum manzanitae,901,https://en.wikipedia.org/wiki/Leccinum_manzanitae
Leucocoprinus fragilissimus,902,https://en.wikipedia.org/wiki/Leucocoprinus_fragilissimus
Leucoagaricus americanus,903,https://en.wikipedia.org/wiki/Leucoagaricus_americanus
Pholiotina smithii,904,https://en.wikipedia.org/wiki/Pholiotina_smithii
Tylopilus tabacinus,905,https://en.wikipedia.org/wiki/Tylopilus_tabacinus
Boletus purpureus,906,https://en.wikipedia.org/wiki/Boletus_purpureus
Gymnopilus liquiritiae,907,https://en.wikipedia.org/wiki/Gymnopilus_liquiritiae
Lepiota subincarnata,908,https://en.wikipedia.org/wiki/Lepiota_subincarnata
Cantharellus lateritius,909,https://en.wikipedia.org/wiki/Cantharellus_lateritius
Suillus salmonicolor,910,https://en.wikipedia.org/wiki/Suillus_salmonicolor
Leccinum aurantiacum,911,https://en.wikipedia.org/wiki/Leccinum_aurantiacum
Panaeolus fimicola,912,https://en.wikipedia.org/wiki/Panaeolus_fimicola
Sarcoscypha dudleyi,913,https://en.wikipedia.org/wiki/Sarcoscypha_dudleyi
Paxillus filamentosus,914,https://en.wikipedia.org/wiki/Paxillus_filamentosus
Agaricus phaeolepidotus,915,https://en.wikipedia.org/wiki/Agaricus_phaeolepidotus
Entoloma murrayi,916,https://en.wikipedia.org/wiki/Entoloma_murrayi
Gastropila fumosa,917,https://en.wikipedia.org/wiki/Gastropila_fumosa
Agaricus cupreobrunneus,918,https://en.wikipedia.org/wiki/Agaricus_cupreobrunneus
Agaricus lilaceps,919,https://en.wikipedia.org/wiki/Agaricus_lilaceps
Agaricus excellens,920,https://en.wikipedia.org/wiki/Agaricus_excellens
Agaricus pattersoniae,921,https://en.wikipedia.org/wiki/Agaricus_pattersoniae
Agaricus hondensis,922,https://en.wikipedia.org/wiki/Agaricus_hondensis
Cortinarius hemitrichus,923,https://en.wikipedia.org/wiki/Cortinarius_hemitrichus
Agaricus benesii,924,https://en.wikipedia.org/wiki/Agaricus_benesii
Mycena flavescens,925,https://en.wikipedia.org/wiki/Mycena_flavescens
Coprinellus impatiens,926,https://en.wikipedia.org/wiki/Tulosesus_impatiens
Tricholoma argyraceum,927,https://en.wikipedia.org/wiki/Tricholoma_argyraceum
Gymnopilus aeruginosus,928,https://en.wikipedia.org/wiki/Gymnopilus_aeruginosus
Agaricus dulcidulus,929,https://en.wikipedia.org/wiki/Agaricus_dulcidulus
Agaricus subrutilescens,930,https://en.wikipedia.org/wiki/Agaricus_subrutilescens
Amanita aestivalis,931,https://en.wikipedia.org/wiki/Amanita_aestivalis
Amanita aprica,932,https://en.wikipedia.org/wiki/Amanita_aprica
Amanita elliptosperma,933,https://en.wikipedia.org/wiki/Amanita_elliptosperma
Amanita flavella,934,https://en.wikipedia.org/wiki/Amanita_flavella
Amanita atkinsoniana,935,https://en.wikipedia.org/wiki/Amanita_atkinsoniana
Amanita australis,936,https://en.wikipedia.org/wiki/Amanita_australis
Amanita franchetii,937,https://en.wikipedia.org/wiki/Amanita_franchetii
Amanita nehuta,938,https://en.wikipedia.org/wiki/Amanita_nehuta
Amanita magnivelaris,939,https://en.wikipedia.org/wiki/Amanita_magnivelaris
Amanita ravenelii,940,https://en.wikipedia.org/wiki/Amanita_ravenelii
Amanita nothofagi,941,https://en.wikipedia.org/wiki/Amanita_nothofagi
Amanita subvaginata,942,https://en.wikipedia.org/wiki/Amanita_subvaginata
Amanita rubrovolvata,943,https://en.wikipedia.org/wiki/Amanita_rubrovolvata
Amanita sphaerobulbosa,944,https://en.wikipedia.org/wiki/Amanita_sphaerobulbosa
Amanita virosiformis,945,https://en.wikipedia.org/wiki/Amanita_virosiformis
Amanita volvata,946,https://en.wikipedia.org/wiki/Amanita_volvata
Aseroe coccinea,947,https://en.wikipedia.org/wiki/Aseroe_coccinea
Astraeus asiaticus,948,https://en.wikipedia.org/wiki/Astraeus_asiaticus
Astraeus pteridis,949,https://en.wikipedia.org/wiki/Astraeus_pteridis
Astraeus koreanus,950,https://en.wikipedia.org/wiki/Astraeus_koreanus
Boletus auripes,951,https://en.wikipedia.org/wiki/Boletus_auripes
Crucibulum,952,https://en.wikipedia.org/wiki/Crucibulum_(fungus)
Bridgeoporus nobilissimus,953,https://en.wikipedia.org/wiki/Bridgeoporus
Calvatia sculpta,954,https://en.wikipedia.org/wiki/Calvatia_sculpta
Cantharellus formosus,955,https://en.wikipedia.org/wiki/Cantharellus_formosus
Cantharellus cinnabarinus,956,https://en.wikipedia.org/wiki/Cantharellus_cinnabarinus
Cantharellus persicinus,957,https://en.wikipedia.org/wiki/Cantharellus_persicinus
Catathelasma evanescens,958,https://en.wikipedia.org/wiki/Catathelasma_evanescens
Clathrus baumii,959,https://en.wikipedia.org/wiki/Clathrus_baumii
Clathrus bicolumnatus,960,https://en.wikipedia.org/wiki/Clathrus_bicolumnatus
Clathrus crispatus,961,https://en.wikipedia.org/wiki/Clathrus_crispatus
Clathrus chrysomycelinus,962,https://en.wikipedia.org/wiki/Clathrus_chrysomycelinus
Clathrus hainanensis,963,https://en.wikipedia.org/wiki/Clathrus_hainanensis
Clathrus kusanoi,964,https://en.wikipedia.org/wiki/Clathrus_kusanoi
Clathrus cristatus,965,https://en.wikipedia.org/wiki/Clathrus_cristatus
Clathrus delicatus,966,https://en.wikipedia.org/wiki/Clathrus_delicatus
Clathrus treubii,967,https://en.wikipedia.org/wiki/Clathrus_treubii
Clathrus mauritianus,968,https://en.wikipedia.org/wiki/Clathrus_mauritianus
Clathrus xiningensis,969,https://en.wikipedia.org/wiki/Clathrus_xiningensis
Climacodon septentrionalis,970,https://en.wikipedia.org/wiki/Climacodon_septentrionalis
Collybia tuberosa,971,https://en.wikipedia.org/wiki/Collybia_tuberosa
Collybia cookei,972,https://en.wikipedia.org/wiki/Collybia_cookei
Conocybe kuehneriana,973,https://en.wikipedia.org/wiki/Conocybe_kuehneriana
Conocybe rickenii,974,https://en.wikipedia.org/wiki/Conocybe_rickenii
Coprinopsis cinerea,975,https://en.wikipedia.org/wiki/Coprinopsis_cinerea
Cortinarius flexipes,976,https://en.wikipedia.org/wiki/Cortinarius_flexipes
Cortinarius ponderosus,977,https://en.wikipedia.org/wiki/Phlegmacium_ponderosum
Cortinarius rotundisporus,978,https://en.wikipedia.org/wiki/Cortinarius_rotundisporus
Cyptotrama asprata,979,https://en.wikipedia.org/wiki/Cyptotrama_asprata
Cystolepiota bucknallii,980,https://en.wikipedia.org/wiki/Cystolepiota_bucknallii
Geastrum corollinum,981,https://en.wikipedia.org/wiki/Geastrum_corollinum
Geastrum coronatum,982,https://en.wikipedia.org/wiki/Geastrum_coronatum
Gymnopilus crociphyllus,983,https://en.wikipedia.org/wiki/Gymnopilus_crociphyllus
Xerula megalospora,984,https://en.wikipedia.org/wiki/Xerula_megalospora
Gymnopilus decipiens,985,https://en.wikipedia.org/wiki/Gymnopilus_decipiens
Ganoderma tsugae,986,https://en.wikipedia.org/wiki/Ganoderma_tsugae
Ganoderma multipileum,987,https://en.wikipedia.org/wiki/Ganoderma_multipileum
Geastrum australe,988,https://en.wikipedia.org/wiki/Geastrum_australe
Geastrum campestre,989,https://en.wikipedia.org/wiki/Geastrum_campestre
Geastrum berkeleyi,990,https://en.wikipedia.org/wiki/Geastrum_berkeleyi
Geastrum entomophilum,991,https://en.wikipedia.org/wiki/Geastrum_entomophilum
Geastrum elegans,992,https://en.wikipedia.org/wiki/Geastrum_elegans
Geastrum Welwitschii,993,https://en.wikipedia.org/wiki/Geastrum_welwitschii
Geastrum jurei,994,https://en.wikipedia.org/wiki/Geastrum_jurei
Geastrum leptospermum,995,https://en.wikipedia.org/wiki/Geastrum_leptospermum
Mycena fonticola,996,https://en.wikipedia.org/wiki/Mycena_fonticola
Gymnopilus abramsii,997,https://en.wikipedia.org/wiki/Gymnopilus_abramsii
Gymnopilus acystidiatus,998,https://en.wikipedia.org/wiki/Gymnopilus_acystidiatus
Gymnopilus alabamensis,999,https://en.wikipedia.org/wiki/Gymnopilus_alabamensis
Gymnopilus aculeatus,1000,https://en.wikipedia.org/wiki/Gymnopilus_aculeatus
Gymnopilus allantopus,1001,https://en.wikipedia.org/wiki/Gymnopilus_allantopus
Gymnopilus alpinus,1002,https://en.wikipedia.org/wiki/Gymnopilus_alpinus
Gymnopilus amarissimus,1003,https://en.wikipedia.org/wiki/Gymnopilus_amarissimus
Gymnopilus areolatus,1004,https://en.wikipedia.org/wiki/Gymnopilus_areolatus
Gymnopilus angustifolius,1005,https://en.wikipedia.org/wiki/Gymnopilus_angustifolius
Gymnopilus aurantiacus,1006,https://en.wikipedia.org/wiki/Gymnopilus_aurantiacus
Gymnopilus armillatus,1007,https://en.wikipedia.org/wiki/Gymnopilus_armillatus
Gymnopilus aromaticus,1008,https://en.wikipedia.org/wiki/Gymnopilus_aromaticus
Gymnopilus aureobrunneus,1009,https://en.wikipedia.org/wiki/Gymnopilus_aureobrunneus
Gymnopilus aurantiophyllus,1010,https://en.wikipedia.org/wiki/Gymnopilus_aurantiophyllus
Gymnopilus austropicreus,1011,https://en.wikipedia.org/wiki/Gymnopilus_austropicreus
Gymnopilus aurantiobrunneus,1012,https://en.wikipedia.org/wiki/Gymnopilus_aurantiobrunneus
Gymnopilus avellanus,1013,https://en.wikipedia.org/wiki/Gymnopilus_avellanus
Gymnopilus austrosapineus,1014,https://en.wikipedia.org/wiki/Gymnopilus_austrosapineus
Gymnopilus braendlei,1015,https://en.wikipedia.org/wiki/Gymnopilus_braendlei
Gymnopilus bellulus,1016,https://en.wikipedia.org/wiki/Gymnopilus_bellulus
Gymnopilus baileyi,1017,https://en.wikipedia.org/wiki/Gymnopilus_baileyi
Gymnopilus bakeri,1018,https://en.wikipedia.org/wiki/Gymnopilus_bakeri
Gymnopilus bryophilus,1019,https://en.wikipedia.org/wiki/Gymnopilus_bryophilus
Gymnopilus brittoniae,1020,https://en.wikipedia.org/wiki/Gymnopilus_brittoniae
Gymnopilus brevipes,1021,https://en.wikipedia.org/wiki/Gymnopilus_brevipes
Gymnopilus caerulovirescens,1022,https://en.wikipedia.org/wiki/Gymnopilus_caerulovirescens
Gymnopilus brunneodiscus,1023,https://en.wikipedia.org/wiki/Gymnopilus_brunneodiscus
Gymnopilus cantharelloides,1024,https://en.wikipedia.org/wiki/Gymnopilus_cantharelloides
Gymnopilus californicus,1025,https://en.wikipedia.org/wiki/Gymnopilus_californicus
Gymnopilus capitatus,1026,https://en.wikipedia.org/wiki/Gymnopilus_capitatus
Volvopluteus gloiocephalus,1027,https://en.wikipedia.org/wiki/Volvopluteus_gloiocephalus
Deconica inquilina,1028,https://en.wikipedia.org/wiki/Deconica_inquilina
Lepista personata,1029,https://en.wikipedia.org/wiki/Collybia_personata
Neofavolus alveolaris,1030,https://en.wikipedia.org/wiki/Neofavolus_alveolaris
Flammulina filiformis,1031,https://en.wikipedia.org/wiki/Flammulina_filiformis
Agaricus amicosus,1032,https://en.wikipedia.org/wiki/Agaricus_amicosus
Laccaria amethystina,1033,https://en.wikipedia.org/wiki/Laccaria_amethystina
Boletus reticulatus,1034,https://en.wikipedia.org/wiki/Boletus_reticulatus
Butyriboletus appendiculatus,1035,https://en.wikipedia.org/wiki/Butyriboletus_appendiculatus
Neoboletus luridiformis,1036,https://en.wikipedia.org/wiki/Neoboletus_luridiformis
Rubroboletus satanas,1037,https://en.wikipedia.org/wiki/Rubroboletus_satanas
Rubroboletus rhodoxanthus,1038,https://en.wikipedia.org/wiki/Rubroboletus_rhodoxanthus
Suillellus queletii,1039,https://en.wikipedia.org/wiki/Suillellus_queletii
Staheliomyces,1040,https://en.wikipedia.org/wiki/Staheliomyces
Stropharia ambigua,1041,https://en.wikipedia.org/wiki/Stropharia_ambigua
Suillus neoalbidipes,1042,https://en.wikipedia.org/wiki/Suillus_neoalbidipes
Suillus glandulosipes,1043,https://en.wikipedia.org/wiki/Suillus_glandulosipes
Suillus pungens,1044,https://en.wikipedia.org/wiki/Suillus_pungens
Suillus pseudobrevipes,1045,https://en.wikipedia.org/wiki/Suillus_pseudobrevipes
Suillus quiescens,1046,https://en.wikipedia.org/wiki/Suillus_quiescens
Tectella patellaris,1047,https://en.wikipedia.org/wiki/Tectella_patellaris
Tricholoma ustaloides,1048,https://en.wikipedia.org/wiki/Tricholoma_ustaloides
Tuber gibbosum,1049,https://en.wikipedia.org/wiki/Tuber_gibbosum
Tuber oregonense,1050,https://en.wikipedia.org/wiki/Tuber_oregonense
Tylopilus atronicotianus,1051,https://en.wikipedia.org/wiki/Tylopilus_atronicotianus
Tylopilus plumbeoviolaceus,1052,https://en.wikipedia.org/wiki/Tylopilus_plumbeoviolaceus
Typhula quisquiliaris,1053,https://en.wikipedia.org/wiki/Typhula_quisquiliaris
Mycena intersecta,1054,https://en.wikipedia.org/wiki/Mycena_intersecta
Mycena vitilis,1055,https://en.wikipedia.org/wiki/Mycena_vitilis
Psilocybe meridionalis,1056,https://en.wikipedia.org/wiki/Psilocybe_meridionalis
Gymnopilus purpureonitens,1057,https://en.wikipedia.org/wiki/Gymnopilus_purpureonitens
Boletus manicus,1058,https://en.wikipedia.org/wiki/Boletus_manicus
Agaricus bresadolanus,1059,https://en.wikipedia.org/wiki/Agaricus_bresadolanus
Amauroderma rude,1060,https://en.wikipedia.org/wiki/Amauroderma_rude
Bondarzewia berkeleyi,1061,https://en.wikipedia.org/wiki/Bondarzewia_berkeleyi
Gloiodon strigosus,1062,https://en.wikipedia.org/wiki/Gloiodon_strigosus
Hydnellum auratile,1063,https://en.wikipedia.org/wiki/Hydnellum_auratile
Cantharellus subpruinosus,1064,https://en.wikipedia.org/wiki/Cantharellus_subpruinosus
Limacella guttata,1065,https://en.wikipedia.org/wiki/Limacella_guttata
Ganoderma sichuanense,1066,https://en.wikipedia.org/wiki/Ganoderma_sichuanense
Phellodon confluens,1067,https://en.wikipedia.org/wiki/Phellodon_confluens
Chrysomphalina chrysophylla,1068,https://en.wikipedia.org/wiki/Chrysomphalina_chrysophylla
Melanoleuca cognata,1069,https://en.wikipedia.org/wiki/Melanoleuca_cognata
Humidicutis marginata,1070,https://en.wikipedia.org/wiki/Humidicutis_marginata
Hydnellum spongiosipes,1071,https://en.wikipedia.org/wiki/Hydnellum_spongiosipes
Hydnum ellipsosporum,1072,https://en.wikipedia.org/wiki/Hydnum_ellipsosporum
Hydnum umbilicatum,1073,https://en.wikipedia.org/wiki/Hydnum_umbilicatum
Panaeolus cinctulus,1074,https://en.wikipedia.org/wiki/Panaeolus_cinctulus
Hydnellum compactum,1075,https://en.wikipedia.org/wiki/Hydnellum_compactum
Lepista panaeolus,1076,https://en.wikipedia.org/wiki/Lepista_panaeolus
Leucopholiota decorosa,1077,https://en.wikipedia.org/wiki/Leucopholiota_decorosa
Macrocybe spectabilis,1078,https://en.wikipedia.org/wiki/Macrocybe_spectabilis
Mycena cystidiosa,1079,https://en.wikipedia.org/wiki/Mycena_cystidiosa
Paxillus vernalis,1080,https://en.wikipedia.org/wiki/Paxillus_vernalis
Phellodon melaleucus,1081,https://en.wikipedia.org/wiki/Phellodon_melaleucus
Psilocybe subaeruginascens,1082,https://en.wikipedia.org/wiki/Psilocybe_subaeruginascens
Hydnellum mirabile,1083,https://en.wikipedia.org/wiki/Hydnellum_mirabile
Roridomyces austrororidus,1084,https://en.wikipedia.org/wiki/Roridomyces_austrororidus
Roridomyces roridus,1085,https://en.wikipedia.org/wiki/Roridomyces_roridus
Bjerkandera fumosa,1086,https://en.wikipedia.org/wiki/Bjerkandera_fumosa
Scutiger pes-caprae,1087,https://en.wikipedia.org/wiki/Scutiger_pes-caprae
Hydnellum scrobiculatum,1088,https://en.wikipedia.org/wiki/Hydnellum_scrobiculatum
Pholiota adiposa,1089,https://en.wikipedia.org/wiki/Pholiota_adiposa
Sarcodon leucopus,1090,https://en.wikipedia.org/wiki/Sarcodon_leucopus
Tricholoma cingulatum,1091,https://en.wikipedia.org/wiki/Tricholoma_cingulatum
wood hedgehog,1092,https://en.wikipedia.org/wiki/Hydnum_repandum
Lingzhi (mushroom),1093,https://en.wikipedia.org/wiki/Lingzhi_(mushroom)
Lactifluus volemus,1094,https://en.wikipedia.org/wiki/Lactifluus_volemus
Agaricus abruptibulbus,1095,https://en.wikipedia.org/wiki/Agaricus_abruptibulbus
Agaricus braendlei,1096,https://en.wikipedia.org/wiki/Agaricus_braendlei
Agaricus julius,1097,https://en.wikipedia.org/wiki/Agaricus_julius
Aureoboletus mirabilis,1098,https://en.wikipedia.org/wiki/Aureoboletus_mirabilis
Auricularia heimuer,1099,https://en.wikipedia.org/wiki/Auricularia_heimuer
Britzelmayria multipedata,1100,https://en.wikipedia.org/wiki/Britzelmayria_multipedata
Butyriboletus frostii,1101,https://en.wikipedia.org/wiki/Exsudoporus_frostii
Exsudoporu floridanus,1102,https://en.wikipedia.org/wiki/Exsudoporus_floridanus
Harrya chromipes,1103,https://en.wikipedia.org/wiki/Harrya_chromapes
Hydnellum fuligineoviolaceum,1104,https://en.wikipedia.org/wiki/Hydnellum_fuligineoviolaceum
Rubroboletus pulcherrimus,1105,https://en.wikipedia.org/wiki/Rubroboletus_pulcherrimus
Fomitopsis betulina,1106,https://en.wikipedia.org/wiki/Fomitopsis_betulina
dryad's saddle,1107,https://en.wikipedia.org/wiki/Cerioporus_squamosus
Suillus spraguei,1108,https://en.wikipedia.org/wiki/Suillus_spraguei
Baorangia bicolor,1109,https://en.wikipedia.org/wiki/Baorangia_bicolor
Caloboletus radicans,1110,https://en.wikipedia.org/wiki/Caloboletus_radicans
Bovistella utriformis,1111,https://en.wikipedia.org/wiki/Handkea_utriformis
Auricularia nigricans,1112,https://en.wikipedia.org/wiki/Auricularia_nigricans
Hericium cirrhatum,1113,https://en.wikipedia.org/wiki/Hericium_cirrhatum
Agaricus crocodilinus,1114,https://en.wikipedia.org/wiki/Agaricus_crocodilinus
Purpureocillium lilacinum,1115,https://en.wikipedia.org/wiki/Purpureocillium_lilacinum
Amanita persicina,1116,https://en.wikipedia.org/wiki/Amanita_persicina
Cuphophyllus virgineus,1117,https://en.wikipedia.org/wiki/Cuphophyllus_virgineus
Rubroboletus dupainii,1118,https://en.wikipedia.org/wiki/Rubroboletus_dupainii
Butyriboletus regius,1119,https://en.wikipedia.org/wiki/Butyriboletus_regius
Hymenopellis radicata,1120,https://en.wikipedia.org/wiki/Hymenopellis_radicata
Rheubarbariboletus armeniacus,1121,https://en.wikipedia.org/wiki/Rheubarbariboletus_armeniacus
Hydnellum scabrosum,1122,https://en.wikipedia.org/wiki/Hydnellum_scabrosum
Discina ancilis,1123,https://en.wikipedia.org/wiki/Discina_ancilis
Lactarius camphoratus,1124,https://en.wikipedia.org/wiki/Candy_cap
Lepista nuda,1125,https://en.wikipedia.org/wiki/Collybia_nuda
Lactarius turpis,1126,https://en.wikipedia.org/wiki/Lactarius_turpis
Hygrocybe coccinea,1127,https://en.wikipedia.org/wiki/Hygrocybe_coccinea
Hygrocybe punicea,1128,https://en.wikipedia.org/wiki/Hygrocybe_punicea
Mycetinis alliaceus,1129,https://en.wikipedia.org/wiki/Mycetinis_alliaceus
Candolleomyces candolleanus,1130,https://en.wikipedia.org/wiki/Candolleomyces_candolleanus
Hericium erinaceus,1131,https://en.wikipedia.org/wiki/Hericium_erinaceus
Tremella mesenterica,1132,https://en.wikipedia.org/wiki/Tremella_mesenterica
Boletus edulis,1133,https://en.wikipedia.org/wiki/Boletus_edulis
Tricholoma terreum,1134,https://en.wikipedia.org/wiki/Tricholoma_terreum
Hydnellum lundellii,1135,https://en.wikipedia.org/wiki/Hydnellum_lundellii
Hydnellum versipelle,1136,https://en.wikipedia.org/wiki/Hydnellum_versipelle
Inosperma cookei,1137,https://en.wikipedia.org/wiki/Inosperma_cookei
Inosperma erubescens,1138,https://en.wikipedia.org/wiki/Inosperma_erubescens
Pseudocraterellus undulatus,1139,https://en.wikipedia.org/wiki/Pseudocraterellus_undulatus
Leccinellum pseudoscabrum,1140,https://en.wikipedia.org/wiki/Leccinellum_pseudoscabrum
Sparassis crispa,1141,https://en.wikipedia.org/wiki/Sparassis_crispa
Ganoderma curtisii,1142,https://en.wikipedia.org/wiki/Ganoderma_curtisii
Caloboletus rubripes,1143,https://en.wikipedia.org/wiki/Caloboletus_rubripes
Hydnum vesterholtii,1144,https://en.wikipedia.org/wiki/Hydnum_vesterholtii
Caloboletus calopus,1145,https://en.wikipedia.org/wiki/Caloboletus_calopus
Pulveroboletus curtisii,1146,https://en.wikipedia.org/wiki/Boletus_curtisii
Amanita pantherina,1147,https://en.wikipedia.org/wiki/Amanita_pantherina
Saproamanita thiersii,1148,https://en.wikipedia.org/wiki/Saproamanita_thiersii
Phallus impudicus,1149,https://en.wikipedia.org/wiki/Phallus_impudicus
Mycena vinacea,1150,https://en.wikipedia.org/wiki/Mycena_vinacea
Gymnopilus dilepis,1151,https://en.wikipedia.org/wiki/Gymnopilus_dilepis
Mycena maculata,1152,https://en.wikipedia.org/wiki/Mycena_maculata
Entoloma abortivum,1153,https://en.wikipedia.org/wiki/Entoloma_abortivum
Gymnopilus flavus,1154,https://en.wikipedia.org/wiki/Gymnopilus_flavus
Mycena luteopallens,1155,https://en.wikipedia.org/wiki/Mycena_crocea
Coprinopsis nivea,1156,https://en.wikipedia.org/wiki/Coprinopsis_nivea
Amanita subpallidorosea,1157,https://en.wikipedia.org/wiki/Amanita_subpallidorosea
Lactarius deliciosus,1158,https://en.wikipedia.org/wiki/Lactarius_deliciosus
Calocybe indica,1159,https://en.wikipedia.org/wiki/Calocybe_indica
Tricholoma pessundatum,1160,https://en.wikipedia.org/wiki/Tricholoma_pessundatum
Mycena crocata,1161,https://en.wikipedia.org/wiki/Mycena_crocata
